Date,Close,High,Low,Open,Volume
04/06/2020,78.32931519,79.13126908,77.95506658,78.83236263,87560400
05/06/2020,80.56021881,80.62097312,78.55046881,78.5796297,137250400
08/06/2020,81.03653717,81.07056315,79.54441498,80.25645381,95654400
09/06/2020,83.59550476,83.98919153,80.68416274,80.71575617,147712400
10/06/2020,85.74620819,86.21522972,84.1058417,84.54570235,166651600
11/06/2020,81.62949371,85.31363615,81.52743062,84.88835596,201662400
12/06/2020,82.33426666,84.52142259,81.22125058,83.77293249,200146000
15/06/2020,83.35250092,84.00621804,80.82268995,80.9855148,138808800
16/06/2020,85.56153107,85.83371668,83.77292723,85.41086152,165428800
17/06/2020,85.44245148,86.3683468,85.32094283,86.30759247,114406400
18/06/2020,85.47647095,85.89446097,84.8664952,85.39870364,96820400
19/06/2020,84.98799896,86.65023618,83.87740827,86.18364718,264476000
22/06/2020,87.21159363,87.35497291,85.33550028,85.38167415,135445200
23/06/2020,89.07312012,90.49477264,88.03786417,88.45828672,212155600
24/06/2020,87.50079346,89.62233679,87.1265448,88.70129931,192623200
25/06/2020,88.66241455,88.7012982,86.89568177,87.65632697,137522400
26/06/2020,85.9382019,88.7790745,85.78995751,88.55792789,205256800
29/06/2020,87.91876984,88.01355011,85.36708902,85.84583324,130646000
30/06/2020,88.65270233,88.93946836,87.48622233,87.50566045,140223200
01/07/2020,88.48499298,89.27479892,88.43639399,88.73044274,110737200
02/07/2020,88.48499298,90.0305863,88.37078201,89.39388239,114041600
06/07/2020,90.85201263,91.32103421,89.88480118,89.91639461,118655600
07/07/2020,90.57009125,92.01118163,90.4583054,91.2310984,112424400
08/07/2020,92.67948914,92.71108257,91.46197032,91.54946039,117092000
09/07/2020,93.07804108,93.62725503,92.02820476,93.57379094,125642800
10/07/2020,93.24088287,93.29921207,92.05982227,92.67222324,90257200
13/07/2020,92.81072235,97.16316235,92.59686598,94.54829427,191649200
14/07/2020,94.34659576,94.53857406,91.25541585,92.19102639,170989200
15/07/2020,94.99544525,96.47541947,93.7949394,96.22511199,153198000
16/07/2020,93.82653809,94.68438876,93.22628512,93.86542174,110577600
17/07/2020,93.63697815,94.43407445,93.16309153,94.27854726,92186800
20/07/2020,95.61027527,95.74879688,93.37937868,93.72446644,90318000
21/07/2020,94.29070282,96.4778583,94.04039532,96.40252354,103433200
22/07/2020,94.55558014,95.23845801,93.90429569,93.99177834,89001600
23/07/2020,90.2517395,94.3660194,89.44006285,94.28825211,197004400
24/07/2020,90.02817535,90.37326314,86.65509448,88.44613798,185438800
27/07/2020,92.16184998,92.25419771,90.86900398,91.09257567,121214000
28/07/2020,90.64788818,91.9091486,90.64302309,91.7317433,103625600
29/07/2020,92.38545227,92.57014778,91.09503108,91.13148219,90329200
30/07/2020,93.50332642,93.60782206,91.1484885,91.55675573,158130000
31/07/2020,103.2920609,103.4427304,98.00886044,100.0113278,374336800
03/08/2020,105.8947678,108.5193511,104.8789574,105.1778639,308151200
04/08/2020,106.6019516,107.6955293,105.3601296,106.0843237,173071600
05/08/2020,106.9883575,107.3091421,105.8558961,106.3224926,121776800
06/08/2020,110.7210846,111.2168419,106.7307455,107.3212757,202428800
07/08/2020,108.2037735,110.6991918,107.40524,110.2414943,198045600
10/08/2020,109.7764816,110.7965604,107.1203822,109.652317,212403600
11/08/2020,106.5117493,109.5378984,106.2512502,109.0388178,187902400
12/08/2020,110.0516129,110.3096751,107.4101195,107.6048809,165598000
13/08/2020,111.9992142,113.0046861,110.9450482,111.4343959,210082000
14/08/2020,111.8994141,111.9894914,110.0856682,111.8239435,165565200
17/08/2020,111.6072693,113.0485287,110.9791576,113.0241817,119561600
18/08/2020,112.5372925,112.9633396,111.0229991,111.3589689,105633600
19/08/2020,112.6784668,114.0953791,112.583523,112.9462692,145538000
20/08/2020,115.1787643,115.2931887,112.7028194,112.719863,126907200
21/08/2020,121.1142044,121.5986783,116.1282348,116.1404046,338054800
24/08/2020,122.562767,125.4136355,120.6930311,125.3284172,345937600
25/08/2020,121.5572815,121.9029914,119.8311836,121.4331243,211495600
26/08/2020,123.21035,123.6680474,121.8080445,122.8768173,163022400
27/08/2020,121.7374496,124.1476568,120.5907693,123.8141241,155552400
28/08/2020,121.5402679,123.1324613,121.3162857,122.7137176,187630000
31/08/2020,125.6619568,127.570654,122.7015451,124.2401853,225702700
01/09/2020,130.6673889,131.2711685,127.1129456,129.2845639,151948100
02/09/2020,127.9601746,134.3679236,123.6753647,133.9881337,200119000
03/09/2020,117.7155914,125.467213,117.3455418,123.5877439,257599600
04/09/2020,117.7934799,120.4617495,107.987095,116.9267791,332607200
08/09/2020,109.8665848,115.875064,109.7302503,110.9670008,231366600
09/09/2020,114.2487564,116.0211115,112.2426862,114.1903295,176940500
10/09/2020,110.5190201,117.3455121,109.5549387,117.2091777,182274400
11/09/2020,109.0680313,112.2134787,107.1203879,111.5707528,180860300
14/09/2020,112.340065,112.895143,109.847084,111.7168197,140150100
15/09/2020,112.5153732,115.7192479,110.6358968,115.232337,184642000
16/09/2020,109.1946335,112.9633264,109.1069931,112.2134869,154679000
17/09/2020,107.4514771,109.2627859,105.8641504,106.8477124,178011000
18/09/2020,104.043129,107.9773704,103.3127625,107.50994,287104900
21/09/2020,107.1983032,107.3054242,100.4010239,101.8033297,195713800
22/09/2020,108.8830109,109.9055267,106.3023891,109.7302385,183055400
23/09/2020,104.3157959,109.1751647,103.9749523,108.6979941,150718700
24/09/2020,105.3869858,107.3638426,102.2512787,102.4168266,167743300
25/09/2020,109.3407211,109.4965362,104.8514016,105.5915083,149981400
28/09/2020,111.9505463,112.3011227,109.8276146,111.9992403,137672400
29/09/2020,111.1033325,112.2913964,110.5969484,111.5512971,99382200
30/09/2020,112.7782822,114.190328,110.6456178,110.8111657,142675200
01/10/2020,113.7326355,114.63829,112.7977676,114.5603824,116120400
02/10/2020,110.0613174,112.3498042,109.2822646,109.9347233,144712000
05/10/2020,113.4502335,113.5963082,110.5774623,110.9280387,106243800
06/10/2020,110.1976776,113.0801892,109.3114962,112.6711784,161498200
07/10/2020,112.0674286,112.5251261,111.1422933,111.6194714,96849000
08/10/2020,111.9602966,113.3528621,111.5902396,113.2067874,83477200
09/10/2020,113.9079361,113.9371496,111.9115985,112.2621749,100506900
12/10/2020,121.1434174,121.9029971,116.1574477,116.9170274,240226800
13/10/2020,117.9298172,122.1075136,116.5177786,121.9906523,262330500
14/10/2020,118.0174713,119.8092999,116.4885713,117.8324428,150712000
15/10/2020,117.5500183,118.0271889,115.0570371,115.6121152,112559200
16/10/2020,115.9042664,118.3680417,115.6997647,118.1051057,115393800
19/10/2020,112.9438324,117.2675952,112.6322098,116.8196382,120639300
20/10/2020,114.4337769,115.8652958,112.6029875,113.1580655,124423700
21/10/2020,113.8105621,115.6023908,113.4015513,113.6157933,89946000
22/10/2020,112.7198563,114.9499087,111.5902196,114.3753501,101988000
23/10/2020,112.02845,113.4989229,111.2883434,113.3431078,82572600
26/10/2020,112.0381927,113.4989253,109.924994,111.0254173,111850700
27/10/2020,113.5476151,114.2098141,111.5415446,112.4666723,92276800
28/10/2020,108.2889633,112.4082321,108.1915826,112.0381826,143937800
29/10/2020,112.3011169,113.8689705,109.2627906,109.4283459,146129200
30/10/2020,106.0102158,109.0582746,104.9000598,108.1526202,190272600
02/11/2020,105.9225922,107.7825953,104.5105535,106.2536954,122866900
03/11/2020,107.5488586,108.5713669,105.8836246,106.789279,107624400
04/11/2020,111.9407959,112.5640412,109.4088611,111.1520027,138235500
05/11/2020,115.9139862,116.4885448,113.8105354,114.8622571,126387100
06/11/2020,115.7823257,116.2798264,113.2850358,115.4213874,114457900
09/11/2020,113.4703751,119.0014688,113.2069928,117.5479731,154515300
10/11/2020,113.1289444,114.7092525,111.3340172,112.7192354,138023400
11/11/2020,116.5626907,116.6992604,113.5874152,114.3190414,112295000
12/11/2020,116.289566,117.5772281,115.6652455,116.6895253,103162300
13/11/2020,116.338356,116.7383079,114.982409,116.5139467,81581900
16/11/2020,117.3528671,118.0259583,115.2555368,116.0066699,91183000
17/11/2020,116.4651642,117.7138054,116.0456981,116.6212481,74271000
18/11/2020,115.1384888,116.8846381,115.1092249,115.7042817,76322100
19/11/2020,115.7335281,116.1432371,113.9483581,114.7092483,74113000
20/11/2020,114.4653625,115.8603302,114.4165919,115.7335177,73604300
23/11/2020,111.0608826,114.7385287,110.9633339,114.3093055,127959300
24/11/2020,112.348526,113.0118674,109.8317299,111.1193993,113874200
25/11/2020,113.1874847,113.8898473,112.3485525,112.719248,76499200
27/11/2020,113.7337418,114.6116948,113.3728109,113.714235,46691300
30/11/2020,116.1334763,118.0064377,113.9483472,114.104431,169410200
01/12/2020,119.7135773,120.4452036,117.0699684,118.0454702,127728200
02/12/2020,120.0647659,120.3476624,117.9284146,119.0307289,89004200
03/12/2020,119.9281845,120.7476024,119.216065,120.4939699,78967600
04/12/2020,119.2550964,119.8501531,118.5429768,119.5965206,78260400
07/12/2020,120.7183304,121.5182414,119.2550779,119.3136056,86712000
08/12/2020,121.3329391,121.9182463,120.0745406,121.3231895,82225500
09/12/2020,118.796608,122.8644487,118.0357178,121.4792379,115089200
10/12/2020,120.2208328,120.8354037,117.206536,117.5479601,81312200
11/12/2020,119.4111786,119.7526027,117.5967447,119.4306854,86939800
14/12/2020,118.796608,120.3281455,118.5624896,119.5965191,79184500
15/12/2020,124.7471619,124.7666761,121.0890303,121.2938848,157243700
16/12/2020,124.6788864,125.2251651,123.4595091,124.2886916,98208600
17/12/2020,125.5470734,126.4055197,124.9032386,125.7421707,94359800
18/12/2020,123.557045,125.9372714,123.0302732,125.8007018,192541500
21/12/2020,125.0885773,125.1666192,120.4256804,121.9572177,121251600
22/12/2020,128.649231,131.1172503,126.4738504,128.3858412,168904800
23/12/2020,127.7517014,129.1856751,127.5761033,128.9223003,88223700
24/12/2020,128.736969,130.190472,127.8882872,128.1028988,54930100
28/12/2020,133.3413696,133.97544,130.2392656,130.7075172,124486200
29/12/2020,131.5659027,135.3898674,131.048888,134.6680057,121047300
30/12/2020,130.4441223,132.6585159,130.1319545,132.2585565,96452100
31/12/2020,129.4393158,131.4390971,128.493078,130.7952625,99116600
04/01/2021,126.2396851,130.3367894,123.6546039,130.2489978,143301900
05/01/2021,127.8004761,128.5126031,125.2836798,125.7324172,97664900
06/01/2021,123.4985199,127.8395071,123.2839083,124.5910845,155088000
07/01/2021,127.7126999,128.4053128,124.7276666,125.2154175,109578200
08/01/2021,128.815033,129.3808259,127.0396123,129.1857136,105158200
11/01/2021,125.8202362,126.9810859,125.3519994,126.0250982,100384500
12/01/2021,125.6446304,126.5128264,123.7521546,125.3519769,91951100
13/01/2021,127.6834335,128.2297122,125.3422351,125.6056099,88636800
14/01/2021,125.7519531,127.7907485,125.6056189,127.5956511,90221800
15/01/2021,124.0252991,127.0298464,123.8887294,125.6251214,111598500
19/01/2021,124.6984024,125.5568488,123.8302064,124.6496243,90757300
20/01/2021,128.7954865,129.2442238,125.4007447,125.5080505,104319500
21/01/2021,133.5169525,136.2483611,130.3173072,130.5221691,120150900
22/01/2021,135.6630402,136.4239304,131.712255,132.9413818,114459400
25/01/2021,139.4187164,141.5355536,133.1950101,139.5650506,157611700
26/01/2021,139.6528168,140.764888,137.9066605,140.0820399,98390600
27/01/2021,138.5797729,140.7649022,136.9702011,139.9162056,140843800
28/01/2021,133.7315521,138.5115204,133.351107,136.1020295,142621100
29/01/2021,128.7272034,133.3901,127.0200755,132.50239,177523800
01/02/2021,130.8537903,132.0634177,127.7224234,130.4733452,106239800
02/02/2021,131.6829681,132.9706225,131.3122728,132.4048298,83305400
03/02/2021,130.6586914,132.4438612,130.3367741,132.4340966,89880900
04/02/2021,134.0242004,134.0339501,131.2927922,132.960907,84183100
05/02/2021,133.608963,134.2537598,132.7297055,134.1853804,75693800
08/02/2021,133.7555389,133.8043899,131.811384,132.8958097,71297200
09/02/2021,132.8762665,134.703191,132.7199643,133.4722124,76774200
10/02/2021,132.2705688,133.8337103,131.3033734,133.3354513,73046600
11/02/2021,132.0165253,133.2474887,130.6878599,132.7687733,64280000
12/02/2021,132.2509918,132.4073089,130.6097072,131.2545039,60145100
16/02/2021,130.1212311,132.876249,129.7304384,132.3682408,80576300
17/02/2021,127.8253632,129.1735719,126.4869336,128.2259201,97918500
18/02/2021,126.7214508,127.0047626,124.4744405,126.2231918,96856700
19/02/2021,126.8777542,127.6984117,125.8324151,127.2392394,87668800
22/02/2021,123.0968857,126.7311759,122.7061004,125.0605687,103916400
23/02/2021,122.9601135,123.7905275,115.6622254,120.9085002,158273000
24/02/2021,122.4618988,122.6670594,119.4137893,122.0613492,111039900
25/02/2021,118.2023239,123.5462934,117.7626951,121.8073067,148199500
26/02/2021,118.4661255,121.9734069,118.4075028,119.7654761,164560400
01/03/2021,124.8456573,124.9824311,119.9608598,120.89874,116307900
02/03/2021,122.237175,125.7542277,122.1297088,125.4513726,102260900
03/03/2021,119.247673,122.8135767,119.0327408,121.9343116,112966300
04/03/2021,117.3621597,120.7522109,115.886956,118.944837,178155000
05/03/2021,118.6224365,119.1304597,114.8611434,118.1925794,153766600
08/03/2021,113.6790161,118.2121079,113.5324707,118.143721,154376600
09/03/2021,118.3000183,119.2476702,116.053016,116.2874842,129525800
10/03/2021,117.2155991,119.3551352,116.6978043,118.8861988,111943300
11/03/2021,119.1499863,120.3711857,118.4661176,119.7166246,103026500
12/03/2021,118.2414169,118.3781907,116.4145073,117.6259351,88105100
15/03/2021,121.1332169,121.1429885,117.6454714,118.6126668,92403800
16/03/2021,122.6768036,124.2887882,121.8463895,122.8038056,115227900
17/03/2021,121.8854599,122.9601138,119.5212124,121.1918196,111932600
18/03/2021,117.7529221,120.3418661,117.5477615,120.0487753,121229700
19/03/2021,117.2253876,118.6322119,116.9225325,117.1374648,185549500
22/03/2021,120.5470505,121.0159944,117.4891695,117.5575563,111912300
23/03/2021,119.7166138,121.3774419,119.3258285,120.4884126,95467100
24/03/2021,117.3230743,120.0683359,117.3035384,119.9901773,88530500
25/03/2021,117.8115463,118.8569002,116.2581842,116.7857433,98844700
26/03/2021,118.4172592,118.6810425,116.1800211,117.5770735,94071200
29/03/2021,118.5931244,119.7557087,117.9483349,118.847136,80819200
30/03/2021,117.1374435,117.6259233,116.1214048,117.3426041,85671900
31/03/2021,119.3356094,120.6740392,118.3586499,118.8471297,118323800
01/04/2021,120.1660233,121.3188358,119.6677718,120.8108201,75089100
05/04/2021,122.9992065,123.2532181,120.2344093,121.0159799,88651200
06/04/2021,123.302063,124.200864,122.754968,123.5853822,80171300
07/04/2021,124.953125,124.9726609,122.2567146,122.9308191,83466700
08/04/2021,127.3564606,127.3857682,125.5588584,125.9789439,88844600
09/04/2021,129.9356384,129.9747103,126.4869719,126.8093704,106686700
12/04/2021,128.2161865,129.7890921,127.6202406,129.4666937,91420000
13/04/2021,131.3326569,131.5573683,128.8902581,129.388517,91266500
14/04/2021,128.9879456,131.8895161,128.6264754,131.8309009,87222800
15/04/2021,131.401062,131.8895418,130.5608762,130.7367367,89347100
16/04/2021,131.068924,131.5671681,130.2091946,131.2056977,84922400
19/04/2021,131.7332001,132.3486893,130.267761,130.4338423,94264200
20/04/2021,130.0430908,132.4073312,128.7730404,131.9090872,94812300
21/04/2021,130.4240875,130.6683274,128.2747797,129.3103543,68847100
22/04/2021,128.9000092,131.0590808,128.3822219,129.9746554,84566500
23/04/2021,131.2252197,132.0067755,129.1149834,129.1149834,78657500
26/04/2021,131.6159821,131.9481447,130.4827055,131.7234482,66905100
27/04/2021,131.2936096,132.2901127,131.0200621,131.8993198,66015800
28/04/2021,130.5022583,131.9090824,130.0137785,131.2154346,107760100
29/04/2021,130.4045563,133.9118524,129.3982891,133.3256707,151101000
30/04/2021,128.4310913,130.4826971,128.0500777,128.7437106,109839500
03/05/2021,129.4862061,130.9809678,128.7925732,128.9977263,75135100
04/05/2021,124.904274,128.4604135,123.780769,128.1673227,137564700
05/05/2021,125.1485214,127.4443674,125.0215119,126.223168,84000900
06/05/2021,126.7507324,126.7604967,124.20086,124.9433514,78128300
07/05/2021,127.4260101,128.4535483,126.7116074,128.0523258,78973300
10/05/2021,124.1378174,126.7702974,124.0986717,126.6430871,88071200
11/05/2021,123.2179184,123.5702144,120.145048,120.8594431,126142800
12/05/2021,120.1450424,121.9750625,119.6361639,120.7615771,112172300
13/05/2021,122.2979889,123.4527593,121.6031705,121.9163282,105861300
14/05/2021,124.7249908,125.1555856,123.1592019,123.550651,81918000
17/05/2021,123.5702209,124.2161131,122.4937415,124.1084644,74244600
18/05/2021,122.1805725,124.2748164,122.1120695,123.85401,63342900
19/05/2021,122.0239944,122.2490726,120.23312,120.5267087,92612000
20/05/2021,124.5879974,124.9892349,122.4252501,122.5524753,76857100
21/05/2021,122.7481766,125.263227,122.5328792,125.0870753,79295400
24/05/2021,124.3824615,125.2045053,123.2472675,123.3157705,63092900
25/05/2021,124.1867447,125.5763893,123.6191439,125.0870723,72009500
26/05/2021,124.1378174,124.6662725,123.7170109,124.2454661,56575900
27/05/2021,122.6013718,124.9109129,122.405651,123.7365732,94625600
28/05/2021,121.945694,123.1102528,121.8869792,122.8851672,71311100
01/06/2021,121.6227646,122.6698866,121.2900377,122.4056628,67637100
02/06/2021,122.3860931,122.5622449,121.3976933,121.6227715,59278900
03/06/2021,120.8985825,122.1805709,120.4973451,122.0142074,76229200
04/06/2021,123.1983337,123.462565,121.2019503,121.4172476,75169300
07/06/2021,123.2081299,123.6191481,122.1610079,123.4723537,71057600
08/06/2021,124.0301743,125.7134077,123.5115074,123.8931682,74403800
09/06/2021,124.4118347,125.0185812,123.8148765,124.490126,56877900
10/06/2021,123.4136505,125.44918,123.2472871,124.30419,71186400
11/06/2021,124.6271286,124.7152082,123.4038548,123.8246613,53522400
14/06/2021,127.6902161,127.7489308,124.3531288,125.0870931,96906500
15/06/2021,126.8681564,127.8076372,126.6235017,127.1617451,62746300
16/06/2021,127.3672333,128.0914166,125.71338,127.5825306,91815000
17/06/2021,128.9721985,129.7159585,126.8779543,127.0247561,96721700
18/06/2021,127.6705933,128.6981309,127.455296,127.9152479,108953300
21/06/2021,129.471283,129.5789316,126.4473542,127.5140452,79663300
22/06/2021,131.1153412,131.213209,128.8058002,129.3049054,74783600
23/06/2021,130.8413391,131.448093,130.3813871,130.9098496,60214200
24/06/2021,130.5576019,131.7612995,130.0878539,131.5753594,68711000
25/06/2021,130.2639771,131.0272987,129.9703884,130.6064997,70783700
28/06/2021,131.8982849,132.3582371,130.4988667,130.5575815,62111300
29/06/2021,133.4151001,133.5716827,131.4774391,131.9178146,64556100
30/06/2021,134.0316467,134.4720222,132.9649408,133.2585295,63261400
01/07/2021,134.335022,134.3937367,132.8572979,133.6793491,52485800
02/07/2021,136.9674988,137.006637,134.8047446,134.9515314,78852600
06/07/2021,138.98349,140.0893194,137.0751857,137.0751857,108181800
07/07/2021,141.4789429,141.7920932,139.6097772,140.4709517,104911600
08/07/2021,140.1773529,140.9798125,137.6622956,138.5528422,105575500
09/07/2021,142.0074005,142.5358482,139.5999913,139.6978591,99890800
12/07/2021,141.4104309,143.1915245,140.9211215,143.0838758,76299700
13/07/2021,142.5260468,144.3071402,140.5590283,140.9504698,100827100
14/07/2021,145.9609985,146.3720316,144.5224276,144.9334607,127050800
15/07/2021,145.3053436,146.7928487,143.9450638,146.0491036,106820300
16/07/2021,143.2600098,146.5579504,142.7609195,145.2857579,93251400
19/07/2021,139.4042664,140.9896392,138.6409448,140.676474,121434600
20/07/2021,143.0251465,143.9548464,139.9033647,140.3926742,96350000
21/07/2021,142.2911682,143.0055707,141.5376425,142.4183934,74993500
22/07/2021,143.6612549,145.0313153,142.6924168,142.819642,77338200
23/07/2021,145.3835907,145.5401733,143.7786566,144.3951912,71447400
26/07/2021,145.8044586,146.626495,144.5420317,145.0998517,72434100
27/07/2021,143.6319122,146.0197449,142.4379959,145.9316579,104818600
28/07/2021,141.8802032,143.8276608,139.4923701,141.7138398,118931200
29/07/2021,142.5260468,143.4165935,141.4887132,141.5963618,56699500
30/07/2021,142.7413788,143.2013309,141.0287954,141.2930267,70440600
02/08/2021,142.4086304,143.8080483,142.1443991,143.2306667,62880000
03/08/2021,144.2093048,144.8747586,142.0759075,142.6924423,64786600
04/08/2021,143.8080597,144.6300961,143.1523868,144.1212249,56368300
05/08/2021,143.9156799,144.6790014,143.0447098,143.8373886,46397700
06/08/2021,143.2296448,144.1803286,142.7298067,143.4354692,54126800
09/08/2021,143.1806488,143.7785014,142.622008,143.2884588,48908700
10/08/2021,142.7004089,144.7683893,142.4063804,143.5236769,69023100
11/08/2021,142.9552612,143.7981353,142.6318312,143.1414799,48493500
12/08/2021,145.9248962,146.0817135,142.9356332,143.278669,72282600
13/08/2021,146.130722,146.4639475,145.3172495,146.0033062,59375000
16/08/2021,148.1104736,148.1790868,143.5530833,145.581852,103296000
17/08/2021,147.1989746,148.6592917,146.1208751,147.2381714,92229700
18/08/2021,143.4452667,147.7184387,143.2394423,146.8167621,86326000
19/08/2021,143.7784882,145.0526018,141.6223038,142.1417478,86960300
20/08/2021,145.2388611,145.5426852,143.856937,144.503797,60549600
23/08/2021,146.7285614,147.1989981,144.9447992,145.3564332,60131800
24/08/2021,146.6403503,147.8556614,146.1797091,146.4737376,48606400
25/08/2021,145.4054718,147.3264458,144.8566264,146.8265927,58991300
26/08/2021,144.6017761,146.1503127,144.5723748,145.3956578,48597200
27/08/2021,145.640686,145.7876929,143.9059308,144.5429803,55802400
30/08/2021,150.0706635,150.4333052,145.6504839,146.0327166,90956700
31/08/2021,148.8063202,149.7570039,148.2770659,149.6197926,86453100
01/09/2021,149.4727631,151.8935743,149.3061504,149.7863975,80313700
02/09/2021,150.5900879,151.6387863,149.3649814,150.8057078,71115500
03/09/2021,151.2271729,151.5506028,150.041263,150.6979184,57808700
07/09/2021,153.5695496,154.1281903,151.3153507,151.8838019,82278300
08/09/2021,152.0210266,153.912584,150.9135255,153.8537813,74420200
09/09/2021,151.0017242,153.0010913,150.8841039,152.3934433,57305700
10/09/2021,146.0032806,152.3836293,145.7386535,151.9131927,140893200
13/09/2021,146.5717468,148.4045014,145.7876757,147.6302407,102404300
14/09/2021,145.1702423,148.0615062,143.9843474,147.3558435,109296300
15/09/2021,146.0621185,146.4639571,143.4550879,145.6014772,83281300
16/09/2021,145.8268738,146.0032969,144.2881478,145.4838529,68034100
17/09/2021,143.1512451,145.8562899,142.8572166,145.8562899,129868800
20/09/2021,140.0933838,141.9555397,138.4566433,140.9362577,123478900
21/09/2021,140.5736084,141.7203212,139.936559,141.063651,75834000
22/09/2021,142.9454193,143.5138555,140.8382274,141.5732912,76404300
23/09/2021,143.9059296,144.1509509,142.7396256,143.7295064,64838200
24/09/2021,143.9941101,144.5331599,142.6611937,142.7592082,53477900
27/09/2021,142.4750061,143.0532678,140.9558857,142.5730206,74150700
28/09/2021,139.0839081,141.8673467,138.8682881,140.3972188,108972300
29/09/2021,139.9855652,141.5732984,139.2014941,139.6327339,74602000
30/09/2021,138.6820526,141.5047027,138.4664327,140.7990402,89056700
01/10/2021,139.8091431,140.0737702,136.3396482,139.0740792,94639600
04/10/2021,136.3690186,139.3778865,135.5163494,138.9368363,98322000
05/10/2021,138.2997894,139.4072902,136.5846407,136.7120566,80861100
06/10/2021,139.1721344,139.3191412,135.6144194,136.6925194,83221100
07/10/2021,140.4363861,141.347873,139.8777454,140.2109707,61732700
08/10/2021,140.0541687,141.3086766,139.7209433,141.1616698,58773200
11/10/2021,139.9659576,141.9261279,138.9858725,139.4367182,64452200
12/10/2021,138.6918488,140.3972024,138.2312075,140.3775965,73035900
13/10/2021,138.1038055,138.5840377,136.4278533,138.4272354,78762700
14/10/2021,140.8970642,141.0146846,138.6918722,139.2799294,69907100
15/10/2021,141.9555206,142.0143233,140.6520057,140.9068374,67940300
18/10/2021,143.631485,143.9157031,140.3089968,140.593215,85589200
19/10/2021,145.7974548,146.1992933,143.6314751,144.0823059,76378900
20/10/2021,146.2875214,146.7677685,145.1702248,145.738676,58418800
21/10/2021,146.5030975,146.6599147,144.9251601,145.8464424,61421000
22/10/2021,145.7288971,147.1892147,145.6798898,146.7089825,58883400
25/10/2021,145.6798706,146.3953286,144.6801795,145.7190674,50720600
26/10/2021,146.3463287,147.8360475,146.0424898,146.3561242,60893400
27/10/2021,145.8856659,146.7481306,145.5328347,146.3855039,56094900
28/10/2021,149.5316162,150.1196584,146.7383672,146.8363817,100077900
29/10/2021,146.8167725,146.9539838,143.4942841,144.2881507,124953200
01/11/2021,145.9934692,146.7187226,144.856567,146.0228706,74588300
02/11/2021,147.0323944,148.5515295,145.6896674,145.6994779,69122000
03/11/2021,148.4731293,148.943566,146.8363886,147.3950294,54511500
04/11/2021,147.9537048,149.3944167,147.6400703,148.561353,60394600
05/11/2021,148.4836884,149.386681,147.286238,149.0824135,65463900
08/11/2021,147.6592102,148.7683276,147.384387,148.6112815,55020900
09/11/2021,148.0223541,148.630889,147.2862175,147.4236291,56787900
10/11/2021,145.1857758,147.3549317,145.1170775,147.2469644,65187100
11/11/2021,145.1367188,146.6678808,144.9502284,146.2065822,41000000
12/11/2021,147.217514,147.619924,144.7539006,145.6863373,63804000
15/11/2021,147.2273407,149.0725948,146.6678696,147.5904967,59222800
16/11/2021,148.2088776,148.6898257,146.5795578,147.1684733,59256200
17/11/2021,150.6528015,152.1348844,148.1990131,148.2088228,88807000
18/11/2021,154.9518585,155.737074,150.2209613,150.8687651,137827700
19/11/2021,157.5823364,158.04365,153.6366394,154.7359321,117305600
22/11/2021,158.0436554,162.6371415,158.0240209,158.6914443,117467900
23/11/2021,158.4264069,158.8091973,156.1198396,158.141759,96041900
24/11/2021,158.94664,159.1429401,156.6891511,157.778634,69463600
26/11/2021,153.9114532,157.4841693,153.4697742,156.6204458,76959800
29/11/2021,157.2780762,158.2105131,155.8548665,156.4241474,88748200
30/11/2021,162.2445374,162.460472,156.9639784,157.0326917,174048100
01/12/2021,161.7243195,167.1520992,161.4887503,164.3842182,152052500
02/12/2021,160.7330017,161.164871,154.8831767,155.8058038,136739200
03/12/2021,158.8484802,161.9108191,156.767672,160.988192,118023100
06/12/2021,162.2641754,164.7768531,161.2433907,161.2532005,107497000
07/12/2021,168.0158539,168.4084692,165.2283528,165.9546799,120405400
08/12/2021,171.8437805,172.7075192,167.5447367,168.948312,116998900
09/12/2021,171.3333588,173.4828803,170.7051894,171.6768952,108923700
10/12/2021,176.1329651,176.3096457,171.4609564,171.9713487,115402700
13/12/2021,172.4915619,178.7634462,172.285437,177.7721058,153237000
14/12/2021,171.1075897,174.454561,169.0267818,172.0105821,139380400
15/12/2021,175.9857483,176.1820484,169.1249489,171.8731956,131063300
16/12/2021,169.0758514,177.7917137,167.5937685,175.9660943,150185800
17/12/2021,167.9765778,170.2635109,166.5533831,166.7889373,195432700
20/12/2021,166.6122742,167.4269339,164.36461,165.169445,107499100
21/12/2021,169.7923889,169.9984988,165.9939134,168.3888138,91185900
22/12/2021,172.3933868,172.6093215,168.9678923,169.8414405,92135300
23/12/2021,173.0215607,173.5810317,172.0302354,172.5995162,68356600
27/12/2021,176.9967041,177.0850369,173.7969687,173.8165883,74919600
28/12/2021,175.9758911,177.9781909,175.2299448,176.8298197,79144300
29/12/2021,176.06427,177.2911645,174.8471853,176.0151912,62348900
30/12/2021,174.9060974,177.2322998,174.7981301,176.1526266,59773000
31/12/2021,174.2877045,175.9170087,173.9834221,174.7980817,64062300
03/01/2022,178.6456909,179.4996199,174.4251848,174.5429619,104487900
04/01/2022,176.3783417,179.5584575,175.8090609,179.25419,99310400
05/01/2022,171.6866913,176.8396477,171.4118681,176.2900014,94537600
06/01/2022,168.820694,172.0596987,168.4673477,169.5077519,96904000
07/01/2022,168.9875488,170.9211359,167.8686216,169.6942413,86709100
10/01/2022,169.0071869,169.3114544,165.0614897,165.9546725,106765600
11/01/2022,171.8437805,171.9419231,167.6625288,169.1348024,76138300
12/01/2022,172.2854309,173.9049256,171.5885632,172.8645215,74805200
13/01/2022,169.0071869,173.3552942,168.6145716,172.5308246,84505800
14/01/2022,169.8708954,170.567763,167.9274839,168.1728628,80440800
18/01/2022,166.6613617,169.350705,166.2785712,168.3397451,90956700
19/01/2022,163.1573181,167.9176743,162.8726852,166.8576358,94815000
20/01/2022,161.4691162,166.5435498,161.1452143,163.8934608,91420500
21/01/2022,159.4079437,163.2554829,159.2999764,161.3807846,122848900
24/01/2022,158.6325378,159.2999762,151.8404521,157.062122,162294600
25/01/2022,156.8265381,159.7514499,154.1175608,156.0413227,115798400
26/01/2022,156.7382202,161.3513403,154.9027909,160.4777921,108275300
27/01/2022,156.2769165,160.8115138,155.3542894,159.4472077,121954600
28/01/2022,167.1815643,167.2011988,159.7907526,162.6469668,179935700
31/01/2022,171.5493011,171.7652358,166.3767096,167.0147037,115541600
01/02/2022,171.3824158,171.6081601,169.1249272,170.7935005,86213900
02/02/2022,172.5897217,172.6289907,170.1261226,171.5198731,84914300
03/02/2022,169.70401,172.9822829,168.9384292,171.2548062,89418100
04/02/2022,169.4190369,171.0995734,167.7385003,168.7212664,82465400
07/02/2022,168.7016449,170.9521728,168.0038743,169.8809613,77251200
08/02/2022,171.8170166,172.3280592,168.4756025,168.7704354,74829200
09/02/2022,173.2420044,173.605623,171.8857824,173.0159724,71285000
10/02/2022,169.1537018,172.4557966,168.5935329,171.1388936,90865900
11/02/2022,165.7336731,170.0971569,165.1440074,169.3600824,98670700
14/02/2022,165.9695282,166.6574614,163.6895039,164.4855419,86185500
15/02/2022,169.8121338,169.96938,167.3159147,168.0235074,62527400
16/02/2022,169.5762787,170.3526572,167.1193637,168.8883455,61177400
17/02/2022,165.9695282,168.947308,165.5665905,168.0824691,69589300
18/02/2022,164.4167786,167.6009313,163.3259075,166.8933534,82772700
22/02/2022,161.4881134,163.817264,159.355498,162.1367276,91162800
23/02/2022,157.3113861,163.2865912,156.9968937,162.6871032,90009200
24/02/2022,159.9353638,160.0434686,149.3804502,149.9504564,141147500
25/02/2022,162.0090179,162.274354,158.0975976,161.0164145,91974200
28/02/2022,162.274353,162.5691859,159.6307095,160.249857,95056600
01/03/2022,160.3874207,163.7288343,159.1786226,161.8615698,83474400
02/03/2022,163.6895142,164.47573,160.141728,161.5569136,79724800
03/03/2022,163.3652191,165.9990403,162.6969453,165.5666208,76678400
04/03/2022,160.3579102,162.6968978,159.3063584,161.6551683,83737200
07/03/2022,156.5546265,162.1760492,156.2990977,160.544654,96418800
08/03/2022,154.7266846,160.0729341,153.1149489,156.0829065,131148300
09/03/2022,160.1417236,160.5938026,156.6627384,158.6970564,91454900
10/03/2022,155.7880707,157.6258383,153.2918366,157.4391104,105342000
11/03/2022,152.063385,156.5349735,151.837353,156.1909994,96970100
14/03/2022,148.0242615,151.4639437,147.5132338,148.8399593,108732100
15/03/2022,152.4171906,152.8889291,147.7883706,148.2993982,92964300
16/03/2022,156.8396454,157.2425831,151.7980653,154.343426,102300200
17/03/2022,157.8518677,158.2253235,154.913407,155.8765134,75615400
18/03/2022,161.1539764,161.6453595,157.0067024,157.743777,123511700
21/03/2022,162.5298767,163.4831611,160.2007107,160.6920937,95811400
22/03/2022,165.910553,166.5002035,162.0679346,162.6575851,81532000
23/03/2022,167.2765961,169.6647101,164.7607027,165.0948545,98062700
24/03/2022,171.0701141,171.1389,167.2766361,168.1119784,90131400
25/03/2022,171.7088928,172.2592394,169.7728424,170.8833729,80546200
28/03/2022,172.5737152,172.7014646,169.0357516,169.20282,90371900
29/03/2022,175.875824,175.9249503,173.3009667,173.6449408,100589400
30/03/2022,174.7063141,176.5145999,173.6547473,175.4728704,92633200
31/03/2022,171.6007843,174.9618425,171.3943968,174.7751145,103049300
01/04/2022,171.305954,171.8661378,168.9768032,171.0307807,78751300
04/04/2022,175.3647919,175.4139332,171.4337273,171.5614917,76468400
05/04/2022,172.0430145,175.2271818,171.4140449,174.440966,73401800
06/04/2022,168.8687134,170.6376955,167.1980139,169.3895783,89058800
07/04/2022,169.1733246,170.3723002,166.9227972,168.2102182,77594700
08/04/2022,167.1586761,168.8195532,166.284015,168.8195532,76575500
11/04/2022,162.8934784,166.1169499,162.6477869,165.8024726,72246700
12/04/2022,164.7705536,166.9424581,163.7681281,165.12435,79265200
13/04/2022,167.4633331,168.0923028,163.8959025,164.5052126,70618900
14/04/2022,162.4414063,168.3183585,162.1957147,167.6795515,75329400
18/04/2022,162.225235,163.7288662,160.7510856,161.0950448,69023900
19/04/2022,164.5150299,164.9278048,161.085186,162.1760569,67723800
20/04/2022,164.3479614,165.9695344,163.237446,165.8515923,67929800
21/04/2022,163.5519104,168.5738451,163.0507052,165.9990031,87227800
22/04/2022,159.0017242,164.9769441,158.7167287,163.5912552,84882400
25/04/2022,160.0729675,160.3579631,155.7291426,158.3432894,96046400
26/04/2022,154.0977173,159.5422345,154.0190942,159.4537892,95623200
27/04/2022,153.8716736,157.0361662,152.7021797,153.2230445,88063200
28/04/2022,160.8198547,161.6846938,156.1910195,156.5055119,130216800
29/04/2022,154.933075,163.3357284,154.5399745,159.0508674,131747600
02/05/2022,155.2377167,155.5030527,150.628542,154.0092592,123055300
03/05/2022,156.7315216,157.9403346,153.6259924,155.424441,88966500
04/05/2022,163.158844,163.610908,156.5153351,156.9182728,108256500
05/05/2022,154.0682373,161.2522547,152.2795959,161.0262227,130525300
06/05/2022,154.7965546,156.9224519,151.7454974,153.5466036,116124600
09/05/2022,149.6589661,153.3694419,149.0979742,152.4836439,131577900
10/05/2022,152.070282,154.2650811,150.5152284,153.0643437,115366700
11/05/2022,144.1867828,152.9954604,143.5076755,151.0762537,142689800
12/05/2022,140.3089752,143.891499,136.608351,140.5156659,182602000
13/05/2022,144.7871094,145.7614825,140.85027,142.3068964,113990900
16/05/2022,143.2419128,145.1906594,141.9033867,143.2517646,86643800
17/05/2022,146.8834991,147.4051292,144.363909,146.5094946,78336300
18/05/2022,138.5964508,145.0331772,137.6909644,144.5312355,109742900
19/05/2022,135.1812439,139.4231864,134.4430864,137.6712939,136095600
20/05/2022,135.4174347,138.478328,130.5160737,136.8937495,137426100
23/05/2022,140.850296,140.9979215,135.4765027,135.6142915,117726300
24/05/2022,138.1437073,139.7282859,135.1615524,138.5865987,104132700
25/05/2022,138.3011627,139.5510983,136.1555776,136.2441529,92482700
26/05/2022,141.5097656,142.060921,134.9746094,135.220662,90601500
27/05/2022,147.2772064,147.3165682,142.9663612,143.0943133,90978500
31/05/2022,146.4898224,148.2810919,144.5214023,146.7162015,103718400
01/06/2022,146.3618622,149.344017,145.3481122,147.5330594,74286600
02/06/2022,148.8224487,148.8814989,144.5411278,145.4958131,72348100
03/06/2022,143.0844727,145.6335733,142.1790011,144.5804612,88570300
06/06/2022,143.8324432,146.2240813,142.6120175,144.7083895,71598400
07/06/2022,146.3618622,146.6472764,141.8246539,142.0707064,67808200
08/06/2022,145.6237183,147.5035479,145.1316133,146.2339237,53950200
09/06/2022,140.3877411,145.6138948,140.2794774,144.7576367,69473000
10/06/2022,134.9647369,138.5374094,134.895835,138.0649928,91437900
13/06/2022,129.7976379,133.0652078,129.3645831,130.7719964,122207100
14/06/2022,130.6637268,131.775889,129.4039391,131.0278948,84784300
15/06/2022,133.2915649,135.1714098,130.0732088,132.169566,91533000
16/06/2022,128.0063324,130.2995432,127.0024341,129.9944405,108123900
17/06/2022,129.482666,130.9786694,127.7602985,128.0162027,134520300
21/06/2022,133.7246094,134.8958217,131.2148859,131.3132979,81000500
22/06/2022,133.2128448,135.5847798,131.7955799,132.6616746,73409200
23/06/2022,136.0867462,136.4016857,133.4884319,134.6596445,72433800
24/06/2022,139.4231873,139.6692397,137.563031,137.6909681,89116800
27/06/2022,139.4231873,141.2242933,138.74408,140.446759,70207900
28/06/2022,135.2698517,141.1554244,135.1517513,139.8857999,67083400
29/06/2022,137.031601,138.4488662,134.5120249,135.2895595,66242400
30/06/2022,134.561203,136.1851436,131.6577863,135.0828331,98964500
01/07/2022,136.7362976,136.8445613,133.5179415,133.8919311,71051600
05/07/2022,139.3247375,139.373951,134.7678413,135.594589,73353800
06/07/2022,140.6632996,141.8443486,138.8523567,139.1180976,74064300
07/07/2022,144.0391083,144.2359472,141.017577,141.0274137,66253700
08/07/2022,144.7182159,145.2201726,142.7104344,142.9663235,64547800
11/07/2022,142.5825195,144.3245757,141.5097341,143.3698907,63141600
12/07/2022,143.5568542,146.1059542,142.7596466,143.4584273,77588800
13/07/2022,143.1927185,144.1375517,139.8759206,140.7321935,71185600
14/07/2022,146.1256561,146.5980727,140.9880789,141.8049749,78140700
15/07/2022,147.7988129,148.4779202,145.859918,147.4149716,76259900
18/07/2022,144.7477722,149.1767172,144.3836043,148.3598211,81420900
19/07/2022,148.6157227,148.8420868,144.590307,145.5843538,82982400
20/07/2022,150.6235046,151.2927753,147.9956655,148.7338231,64823400
21/07/2022,152.8970337,153.1135611,149.5408739,152.0604492,65086600
22/07/2022,151.6569366,153.8123593,150.987681,152.9364128,66675400
25/07/2022,150.5348969,152.5918919,149.875478,151.5781569,53623900
26/07/2022,149.2062378,150.672701,148.4188668,149.855805,55138700
27/07/2022,154.3143005,154.8457824,149.7574178,150.1707843,78620700
28/07/2022,154.8654633,155.1508776,151.9718832,154.5012953,81378700
29/07/2022,159.943985,161.0463106,156.9815179,158.6940489,101786900
01/08/2022,158.9597321,161.0068904,158.3495267,158.4676271,67829400
02/08/2022,157.4834595,159.8455728,157.1094698,157.5720498,59907000
03/08/2022,163.5068054,163.9595336,158.211751,158.3003263,82507500
04/08/2022,163.191864,164.5500787,161.8336494,163.388703,55474100
05/08/2022,162.9651947,163.4579833,160.6490823,160.8560601,56697000
08/08/2022,162.4921265,165.3897262,161.8317915,163.9704924,60276900
09/08/2022,162.5413971,163.4284256,160.8954849,161.6543836,63135500
10/08/2022,166.7990875,166.8976362,164.4928255,165.2615745,70170500
11/08/2022,166.0598907,168.5238335,165.7642146,167.607239,57149200
12/08/2022,169.6178436,169.6868262,166.9567731,167.3707288,68039400
15/08/2022,170.6920776,170.88919,168.8786196,169.0461659,54091700
16/08/2022,170.5344086,171.2046088,169.1841727,170.2880143,56377100
17/08/2022,172.0324707,173.6093849,170.0810324,170.2781448,79542000
18/08/2022,171.6382599,172.3774428,170.6231166,171.244035,62290100
19/08/2022,169.0461884,171.2341707,168.8392105,170.5344044,70346300
22/08/2022,165.1531982,167.4101637,164.7293922,167.2426173,69026800
23/08/2022,164.8180542,166.2767191,164.2464177,164.6702236,54147100
24/08/2022,165.1137238,165.6853603,163.8521863,164.906761,53841500
25/08/2022,167.5776672,167.6860813,165.921905,166.3456959,51218200
26/08/2022,161.2601166,168.5829621,161.2009844,168.1098893,78961000
29/08/2022,159.0524292,160.5504955,157.5149314,158.8257356,73314000
30/08/2022,156.6180573,160.2154076,155.4452181,159.7916166,77906200
31/08/2022,154.9524536,158.2639937,154.8736056,157.9978837,87991100
01/09/2022,155.6817627,156.1351197,152.4392057,154.3807937,74229900
02/09/2022,153.5627747,158.0471537,152.7348935,157.4459511,76957800
06/09/2022,152.301239,154.8243142,151.4733578,154.2132611,73714800
07/09/2022,153.7106323,154.4103837,151.3945198,152.5870749,87449600
08/09/2022,152.2322693,154.1048601,150.4779279,152.409666,84923800
09/09/2022,155.1002655,155.5437872,152.5180583,153.227675,68028800
12/09/2022,161.072876,161.8909069,157.0024523,157.2882631,104956000
13/09/2022,151.6212158,158.2245811,151.1579933,157.5938122,122656600
14/09/2022,153.0699615,154.8341528,151.3944837,152.5574573,87965400
15/09/2022,150.1723633,153.0009795,149.1966517,152.4194776,90481100
16/09/2022,148.5264893,149.1671235,146.2300924,149.0291433,162278800
19/09/2022,152.2519531,152.3308011,146.9495583,147.1565211,81474200
20/09/2022,154.6370544,155.8000433,150.8721574,151.1875343,107689800
21/09/2022,151.5029297,156.4505315,151.3846652,155.0707144,101696800
22/09/2022,150.5370636,152.2421079,148.7334556,150.1822552,86652500
23/09/2022,148.2603607,149.2853694,146.4173363,149.009409,96029900
26/09/2022,148.595459,151.5521902,147.4817521,147.5014678,93339400
27/09/2022,149.5712128,152.4885283,147.7873202,150.5370894,84442700
28/09/2022,147.6788788,148.4673435,142.750993,145.510612,146691400
29/09/2022,140.4250183,144.6038705,138.6509766,143.9928176,128138200
30/09/2022,136.2067566,141.0360936,136.0096442,139.242336,124925300
03/10/2022,140.395462,141.0065301,135.7041202,136.2166245,114311700
04/10/2022,143.9928131,144.1110775,142.1793399,142.9382384,87830100
05/10/2022,144.2884674,145.2543437,140.947362,141.9920862,79471000
06/10/2022,143.3324738,145.4120421,143.125511,143.7069979,68402200
07/10/2022,138.0694885,141.0360851,137.4387198,140.4841493,85925600
10/10/2022,138.3947144,139.8435137,136.571406,138.3947144,74899000
11/10/2022,136.9755249,139.3113533,136.2264916,137.8822542,77033700
12/10/2022,136.3447113,138.3355809,136.1673147,137.1233255,70433700
13/10/2022,140.9276886,141.5190259,132.4320029,133.043071,113224000
14/10/2022,136.3841553,142.4355977,136.1968932,142.2286199,88598000
17/10/2022,140.3560333,140.8389565,138.246899,139.0353637,85250900
18/10/2022,141.676712,144.5841616,138.5820005,143.3916217,99136600
19/10/2022,141.785141,142.8594166,139.4591781,139.6464402,61758300
20/10/2022,141.3218994,143.7858422,140.5925669,140.9572407,64522000
21/10/2022,145.1459351,145.7175715,140.5925589,140.8093871,86548600
24/10/2022,147.2945099,148.0632589,143.8942715,145.0671108,75981900
25/10/2022,150.142807,150.2906526,147.2057916,147.9252586,74732300
26/10/2022,147.1959534,149.7978764,145.9048347,148.7827332,88194300
27/10/2022,142.7116089,146.9003128,142.0512738,145.9344512,109180200
28/10/2022,153.4938049,155.2284155,145.688035,146.0625441,164762400
31/10/2022,151.1284027,152.0154312,149.7288849,150.951006,97943200
01/11/2022,148.4771729,153.2079456,146.9791066,152.8432869,80379300
02/11/2022,142.9382629,149.9752837,142.9086968,146.8017238,93604600
03/11/2022,136.8769684,140.7404293,136.7488385,140.0110967,97918500
04/11/2022,136.6103973,140.8455301,132.6615495,140.2729453,140814800
07/11/2022,137.1434937,137.3705482,133.9350545,135.3566423,83374600
08/11/2022,137.7160797,139.6213917,135.7317889,138.6144463,89908500
09/11/2022,133.1452942,136.7782426,132.868876,136.728879,74917800
10/11/2022,144.9918518,144.9918518,137.7161027,139.4338573,118854000
11/11/2022,147.785614,148.0916473,142.5237729,143.9552422,93979700
14/11/2022,146.3838043,148.3582285,145.544668,147.0649831,73374100
15/11/2022,148.1213074,151.6259136,146.6602376,150.2734377,89868300
16/11/2022,146.8872833,147.9534742,145.4064652,147.2229469,64218300
17/11/2022,148.7926025,149.5428783,144.2810362,144.5574544,80389400
18/11/2022,149.3553162,150.7472889,148.052204,150.3622768,74829600
21/11/2022,146.1172485,148.4470696,145.8309637,148.2397635,58724100
22/11/2022,148.2595215,148.4964578,145.0510818,146.2357485,51804100
23/11/2022,149.1381226,149.8883982,147.430235,147.5388289,58301400
25/11/2022,146.2159882,146.9761457,145.2386427,146.4134276,35195900
28/11/2022,142.3757172,144.7647684,141.5464627,143.2839504,69246000
29/11/2022,139.3647308,142.9581823,138.5552247,142.4448278,83763800
30/11/2022,146.1370087,146.8181874,138.7526662,139.5917875,111380900
01/12/2022,146.4134064,147.2229274,144.735149,146.3146942,71250400
02/12/2022,145.9198151,146.1073878,143.7874334,144.0934818,65447400
05/12/2022,144.7549133,148.9900466,143.9059103,145.8803345,68826400
06/12/2022,141.082489,145.4163497,140.1051436,145.1892951,64727200
07/12/2022,139.1376495,141.5365673,138.2096679,140.3716644,69721100
08/12/2022,140.8257904,141.6846751,139.2956238,140.5395055,62128300
09/12/2022,140.3420715,143.7084683,139.0981747,140.5197625,76097000
12/12/2022,142.6422882,142.6521549,139.2561427,140.87517,70462700
13/12/2022,143.6097412,148.0521955,142.3954746,147.5882047,93886200
14/12/2022,141.3786163,144.7844942,139.354829,143.4912491,82291200
15/12/2022,134.7544403,139.986667,134.2904495,139.3054883,98931900
16/12/2022,132.7898712,135.8897161,132.0198471,134.9420011,160156900
19/12/2022,130.6772614,133.4710734,129.6407007,133.3822279,79592600
20/12/2022,130.6081696,131.5460181,128.2289847,129.7098029,77432800
21/12/2022,133.7178802,135.0604894,131.0524105,131.2794651,85928000
22/12/2022,130.5390472,132.8392532,128.6337352,132.6319471,77852100
23/12/2022,130.1737976,130.726634,127.9821854,129.2458158,63814900
27/12/2022,128.3671875,129.729545,127.0739421,129.6999299,69007800
28/12/2022,124.428215,129.3544013,124.2603908,128.0117923,85438400
29/12/2022,127.9525528,128.8114224,126.0965969,126.3532666,75703700
30/12/2022,128.2684631,128.2882116,125.8004404,126.7679116,77034200
03/01/2023,123.4706192,129.2260601,122.5821268,128.6139934,112117500
04/01/2023,124.7441177,127.0147085,123.4804875,125.2673389,89113600
05/01/2023,123.4212646,126.1360982,123.1645949,125.504283,80962700
06/01/2023,127.96241,128.6238402,123.2929016,124.3985817,87754700
09/01/2023,128.485672,131.7039937,128.2290022,128.8015872,70790800
10/01/2023,129.0582428,129.581464,126.4816184,128.5942519,63896200
11/01/2023,131.7829437,131.8026771,128.7916924,129.5715833,69458900
12/01/2023,131.7039642,132.5430854,129.7591553,132.1679551,71379600
13/01/2023,133.0366974,133.1946549,129.9763489,130.3416126,57809700
17/01/2023,134.2015991,135.5343263,132.4147478,133.1057932,63646600
18/01/2023,133.4809418,136.8374566,133.3032358,135.0703537,69672800
19/01/2023,133.5401764,134.50764,132.0593583,132.3653917,58280400
20/01/2023,136.1069183,136.2550092,132.5036004,133.5500428,80223600
23/01/2023,139.3054962,141.4872415,136.1365388,136.3537267,81760300
24/01/2023,140.7073822,141.3293308,138.5059028,138.5157695,66435100
25/01/2023,140.0459137,140.6086168,137.0349137,139.0883167,65799300
26/01/2023,142.1190338,142.4053186,140.0853646,141.339128,54105100
27/01/2023,144.0638428,145.3472214,141.2502976,141.3292763,70555800
30/01/2023,141.1713257,143.6887195,141.0232499,143.106268,64015300
31/01/2023,142.444809,142.4941726,140.4605183,140.8751455,65874500
01/02/2023,143.5702362,144.7351542,139.5128093,142.1289151,77663600
02/02/2023,148.8913574,149.2467394,146.2752359,146.9958967,118339000
03/02/2023,152.5242767,155.3674525,145.9395735,146.1370129,154357300
06/02/2023,149.7896729,151.1421635,148.8518245,150.6189424,69858300
07/02/2023,152.672348,153.2449329,148.7136329,148.7136329,83322600
08/02/2023,149.9772644,152.6032523,149.2368553,151.9122068,64120100
09/02/2023,148.9407043,152.3564653,148.4964619,151.8134956,56007100
10/02/2023,149.3065186,149.6327978,147.5367174,147.7740155,57450700
13/02/2023,152.1144714,152.5198349,149.217516,149.2471764,62199000
14/02/2023,151.4718018,152.035379,149.1582021,150.403983,61707600
15/02/2023,153.577774,153.7458545,151.1554147,151.3828159,65573800
16/02/2023,151.9760742,154.5665144,151.6201346,151.7783183,68167900
17/02/2023,150.8291473,151.2740681,149.1483274,150.6314065,59144100
21/02/2023,146.8050842,149.5932808,146.7358817,148.5056832,58867200
22/02/2023,147.2302094,148.2584709,145.4999504,147.1906521,51011300
23/02/2023,147.7146606,148.6440592,145.5790384,148.3968794,48394200
24/02/2023,145.0550232,145.5296043,144.0761856,145.4505049,55469600
27/02/2023,146.2513733,147.4872726,145.786674,146.0437507,44998500
28/02/2023,145.7471161,147.3982755,145.1736571,145.3911765,50547000
01/03/2023,143.6707916,145.5691308,143.3741728,145.1736491,55479000
02/03/2023,144.2640686,145.0550472,142.2767327,142.7513289,52238100
03/03/2023,149.3262787,149.405378,145.6680202,146.3700025,70732300
06/03/2023,152.0947113,154.5368495,151.7288899,152.0551541,87558000
07/03/2023,149.8898621,152.2924429,149.4251628,151.9661637,56182000
08/03/2023,151.1455536,151.7387914,150.1172919,151.0862328,47204800
09/03/2023,148.8912811,152.7967205,148.5353415,151.8277796,53833600
10/03/2023,146.8248291,149.2373068,145.9448694,148.5155459,68572400
13/03/2023,148.7726135,151.4124926,146.0338565,146.1426162,84457100
14/03/2023,150.8686981,151.6695585,148.4067963,149.573478,73695900
15/03/2023,151.2641602,151.5212217,148.2287849,149.4844625,77167900
16/03/2023,154.0919342,154.6950537,149.9294186,150.443557,76161100
17/03/2023,153.2515106,154.9718878,152.5396314,154.3193294,98944600
20/03/2023,155.6244202,156.0396956,152.4110823,153.3207173,73641400
21/03/2023,157.4832001,157.6018416,154.7741039,155.5453188,73938300
22/03/2023,156.0495758,160.3109538,156.0297972,157.5029944,75701800
23/03/2023,157.1371613,159.7276162,155.9012621,157.0382984,67622100
24/03/2023,158.442276,158.5312571,156.0693556,157.0679567,59196500
27/03/2023,156.4945068,158.9564236,156.0891283,158.1357847,52390300
28/03/2023,155.8715973,156.702133,154.2204378,156.1879947,45992200
29/03/2023,158.9564209,159.2332611,157.5524412,157.5722047,51305700
30/03/2023,160.5284729,160.6372326,159.4507724,159.707834,49501700
31/03/2023,163.0398407,163.1387187,160.083579,160.6075992,68749800
03/04/2023,164.2954865,164.4141279,162.3674868,162.4169258,56976200
04/04/2023,163.7615814,164.9579233,163.2474432,164.7206403,46278300
05/04/2023,161.912674,163.1881303,159.9747925,162.8816298,51511700
06/04/2023,162.8025513,163.0991701,160.1725539,160.597696,45390100
10/04/2023,160.2022095,160.2022095,158.2742096,159.59909,47716900
11/04/2023,158.986084,160.5284838,158.6993469,160.5186021,47644200
12/04/2023,158.2939911,160.2318728,157.9775936,159.4013521,50133100
13/04/2023,163.6923676,163.9296656,159.5990702,159.8067079,68445600
14/04/2023,163.3463287,164.4438078,161.9720095,162.7333125,49386500
17/04/2023,163.3661041,163.5243029,162.1796438,163.227684,41516200
18/04/2023,164.5921021,165.5215006,163.781345,164.2262807,49923000
19/04/2023,165.7390289,166.263049,163.672594,163.9296707,47720200
20/04/2023,164.7700806,165.9763194,163.6923801,164.2164001,52456400
21/04/2023,163.158493,164.5723547,162.6344729,163.1881534,58337300
24/04/2023,163.4649811,163.7319395,162.0412227,163.1387019,41949600
25/04/2023,161.9225616,164.433902,161.8830044,163.3265412,48714100
26/04/2023,161.912674,163.4155316,160.9635118,161.2205734,45498800
27/04/2023,166.5102539,166.6585558,163.3265759,163.3265759,64902300
28/04/2023,167.7658997,167.9339952,165.9862168,166.5893363,55209200
01/05/2023,167.6769104,168.5272096,166.73763,167.3704098,52472900
02/05/2023,166.6387634,168.4283582,165.650044,168.1712815,48425700
03/05/2023,165.5610657,168.9919233,165.2743437,167.5879435,65136000
04/05/2023,163.9197845,165.1556838,162.456484,163.0299431,81235400
05/05/2023,171.6120453,172.3338063,168.8337309,169.0512504,113316400
08/05/2023,171.5428314,171.8888893,170.1685119,170.5343333,55962800
09/05/2023,169.8323517,171.5823743,169.6642712,171.0979114,45326900
10/05/2023,171.6021271,172.0668264,169.9608493,171.0682253,53724500
11/05/2023,171.7899933,172.6205139,170.2278148,171.8888713,49514700
12/05/2023,170.8593292,172.3345493,169.3048853,171.8989085,45497800
15/05/2023,170.3642883,171.492987,169.77023,171.4434796,37266700
16/05/2023,170.3642883,171.4236736,170.0969606,170.2850796,42110300
17/05/2023,170.9780884,171.2156995,168.7305872,170.0078076,57951600
18/05/2023,173.314743,173.502862,170.8692268,171.2850615,65496700
19/05/2023,173.423645,174.6414478,173.2058247,174.6414478,55772400
22/05/2023,172.4731293,172.9780832,171.7305641,172.255309,43570900
23/05/2023,169.859314,171.6612795,169.5820908,171.4137577,50747300
24/05/2023,170.1365356,170.7107879,168.8296287,169.3939704,45143500
25/05/2023,171.275177,172.1761448,169.9880607,170.7009247,56058300
26/05/2023,173.6909637,174.0276048,171.3939696,171.6018946,54835000
30/05/2023,175.5424194,177.2156688,174.8196602,175.2057935,55964400
31/05/2023,175.4929199,177.5721087,175.0077719,175.5721287,99625300
01/06/2023,178.3047791,178.3344805,175.1761002,175.9384715,68901800
02/06/2023,179.15625,179.9780241,177.4830005,179.2354588,61945900
05/06/2023,177.7998047,183.1165664,176.2750624,180.8195727,121946500
06/06/2023,177.4335175,178.3344852,175.6711485,178.1859782,64848400
07/06/2023,176.0572662,179.4136603,175.5622228,176.6711153,61944600
08/06/2023,178.7799835,179.0472961,175.7008129,176.1364384,50214900
09/06/2023,179.166153,180.4235526,178.8394224,179.7007933,48870700
12/06/2023,181.9680939,182.0671086,179.1760562,179.4730854,54274900
13/06/2023,181.4928589,182.3245284,180.631488,180.9879199,54929100
14/06/2023,182.1264954,182.562136,180.2156348,181.5522431,57462900
15/06/2023,184.1660919,184.671046,181.958202,182.1364255,65433200
16/06/2023,183.0868835,185.1363709,182.443333,184.8789386,101235600
20/06/2023,183.1759796,184.2551859,182.5819365,182.5819365,49799100
21/06/2023,182.1363831,183.572006,180.7799538,183.067052,49515700
22/06/2023,185.1462555,185.1957629,181.8492642,181.9185775,51245300
23/06/2023,184.8294067,185.700688,183.1759635,183.7106189,53079300
26/06/2023,183.4334259,186.1858666,183.393814,184.9779592,48088700
27/06/2023,186.1957703,186.5225008,183.8294628,184.0472832,50730800
28/06/2023,187.3739777,188.0175282,185.74034,186.0670555,51216800
29/06/2023,187.7106018,188.1858545,187.0670513,187.2056628,46347300
30/06/2023,192.0471802,192.5521191,189.3640377,189.7303802,85069600
03/07/2023,190.5521545,191.9580763,189.8590815,191.8590616,31458200
05/07/2023,189.4333344,191.0669717,188.730366,189.6709607,46920300
06/07/2023,189.9085693,190.1164942,187.3244419,187.9580969,45094300
07/07/2023,188.7897644,190.7600428,188.3541389,189.5125387,46778000
10/07/2023,186.7403107,188.1066356,185.1858668,187.3838612,59922200
11/07/2023,186.2155304,187.4234375,184.7502061,187.284826,46638100
12/07/2023,187.8888092,189.7996698,186.6016931,187.7996899,60750200
13/07/2023,188.6511841,189.2947497,187.8987233,188.6115872,41342300
14/07/2023,188.7996826,189.2848156,187.7501929,188.344236,41573900
17/07/2023,192.0669556,192.393686,189.9085584,189.9976625,50520200
18/07/2023,191.8095551,192.4036133,190.5125435,191.4333323,48353800
19/07/2023,193.1659698,196.2649317,190.7402447,191.185796,80507300
20/07/2023,191.2155151,194.5224022,190.5917555,193.1560773,59581200
21/07/2023,190.0372925,193.0372547,189.3343241,192.1758839,71917800
24/07/2023,190.8392639,192.9778554,190.3442204,191.4927249,45377800
25/07/2023,191.7006378,192.5125164,191.0075799,191.4135192,37283200
26/07/2023,192.5719299,193.7006286,191.4036345,191.7501559,47471900
27/07/2023,191.3045959,195.2451377,190.6412395,194.0768423,47460200
28/07/2023,193.8887482,194.6808208,192.2154986,192.7402436,48291400
31/07/2023,194.5025787,194.5421907,193.3243728,194.1164454,38824100
01/08/2023,193.670929,194.7798216,193.3441984,194.2946886,35175100
02/08/2023,190.670929,193.2451457,189.9481698,193.1065342,50389300
03/08/2023,189.2749176,190.4630189,188.7996801,189.6709614,61235200
04/08/2023,180.1859436,185.5225121,180.1166303,183.6809496,115799700
07/08/2023,177.0770569,181.3146278,175.5919265,180.3245409,97576100
08/08/2023,178.0176392,178.4829812,175.8196449,177.908729,67823000
09/08/2023,176.4236145,179.1364434,175.2553039,179.0770406,60378500
10/08/2023,176.20578,178.9582206,175.8394527,177.7008059,54686900
11/08/2023,176.2652588,177.0881425,175.0359028,175.7993034,51988100
14/08/2023,177.920929,178.1489522,175.7893586,176.443702,43675600
15/08/2023,175.9281769,177.9407663,175.5316134,177.345921,43622600
16/08/2023,175.0557404,177.0088317,174.9863334,175.6109354,46964900
17/08/2023,172.5077667,175.9876593,171.992222,175.6208373,66062900
18/08/2023,172.993576,173.5983453,170.4852746,170.8223551,61114200
21/08/2023,174.3319855,174.6195069,172.2500042,173.5685999,46311900
22/08/2023,175.7100525,176.1561902,174.7384613,175.5415122,42084200
23/08/2023,179.5667114,179.9930316,176.8006451,176.9890181,52722800
24/08/2023,174.8673553,179.5468774,174.5005182,179.1205573,54945800
25/08/2023,177.0782318,177.6135941,174.3121657,175.8587846,51449600
28/08/2023,178.6446991,179.0412627,177.0187643,178.5455506,43820700
29/08/2023,182.5409698,183.3142793,177.9605961,178.1588779,53003900
30/08/2023,186.0407104,186.2390074,183.1556781,183.3539598,60813900
31/08/2023,186.2588043,187.4980842,185.8721496,186.2290628,60794500
01/09/2023,187.8351898,188.2912364,186.6653017,187.8649313,45732600
05/09/2023,188.0731201,188.3507176,186.0010477,186.6652999,45280000
06/09/2023,181.3413544,187.2304149,179.9137015,186.7842621,81755800
07/09/2023,176.0372314,176.6816661,172.051703,173.6776376,112488800
08/09/2023,176.6519165,178.6942626,176.2652618,176.8204719,65551300
11/09/2023,177.8218231,178.7537642,175.8191422,178.5257409,58953100
12/09/2023,174.7880402,178.5851956,173.320737,177.9506849,90370200
13/09/2023,172.7159729,175.7794693,172.4879345,174.9962359,84267900
14/09/2023,174.2328339,174.5897471,172.0913547,172.5077509,60895800
15/09/2023,173.5091248,174.9863521,172.3293428,174.9665194,109205100
18/09/2023,176.4437256,177.841637,174.6591594,174.9664984,67257600
19/09/2023,177.5343018,178.0894968,175.6109368,175.9975915,51826900
20/09/2023,173.9849854,178.1588715,173.8957457,177.7226426,58436200
21/09/2023,172.4383545,174.7880395,172.3689627,173.0530476,63047900
22/09/2023,173.2909698,175.561339,172.5573259,173.1720038,56725400
25/09/2023,174.5699463,175.4523131,172.65649,172.7060643,46172700
26/09/2023,170.4852753,173.6974793,170.187845,173.3207485,64588900
27/09/2023,168.9683838,171.556001,167.600229,171.1396048,66921800
28/09/2023,169.2261505,170.5546549,166.1824718,167.8877222,56294400
29/09/2023,169.741684,171.5857329,168.8791349,170.5447349,51814200
02/10/2023,172.2599335,172.8052197,169.4641103,169.7516318,52164500
03/10/2023,170.9214783,172.1409406,169.3550418,170.7826795,49594600
04/10/2023,172.1706696,172.7159557,169.503737,169.622703,53020300
05/10/2023,173.4099731,173.9453354,171.1990868,172.299568,48527900
06/10/2023,175.9678497,176.4635617,171.6947996,172.3094928,57224100
09/10/2023,177.4549713,177.5144543,174.2923266,175.2936593,42390800
10/10/2023,176.8601074,178.178703,176.4238785,176.5726011,43698000
11/10/2023,178.2580414,178.3076156,176.0769116,176.6717569,47551100
12/10/2023,179.1602325,180.7762433,177.5045412,178.5257218,56743100
13/10/2023,177.3161926,180.3697653,176.6122749,179.8641445,51427100
16/10/2023,177.1872864,177.5441996,174.9962328,175.23418,52517000
17/10/2023,175.6307373,176.8898499,173.3009002,175.1350254,57549400
18/10/2023,174.3319855,176.0570686,173.6082502,174.0742207,54764400
19/10/2023,173.955246,176.3148246,173.6875573,174.5302585,59302900
20/10/2023,171.3973694,173.9155794,171.1594222,173.8065222,64189300
23/10/2023,171.5163574,172.5176902,168.4726784,169.4442848,55980100
24/10/2023,171.9525757,172.180599,169.9796365,171.5659209,43816600
25/10/2023,169.6326599,171.5758426,169.186507,170.4059695,57157000
26/10/2023,165.4587708,169.9102705,164.2492321,168.9089225,70625300
27/10/2023,166.7773438,167.5110029,165.399265,165.4785808,58499100
30/10/2023,168.8295746,169.7020325,167.4217544,167.5704771,51131000
31/10/2023,169.3054657,169.4343405,166.4600688,167.8976456,44846000
01/11/2023,172.4780273,172.7357921,168.6610391,169.533497,56934900
02/11/2023,176.0471649,176.2553555,173.9552597,174.0147427,77334800
03/11/2023,175.1350403,175.3035957,171.8633532,172.74572,79763700
06/11/2023,177.6929169,177.8911986,174.6988273,174.8673676,63841300
07/11/2023,180.2607269,180.875405,177.4351624,177.6433529,70530000
08/11/2023,181.3215179,181.8767129,180.0326638,180.7861557,49340300
09/11/2023,180.8456573,182.5409839,180.2507969,181.3909436,53763500
10/11/2023,185.0448914,185.2136688,182.1957607,182.6325644,66133400
13/11/2023,183.4565125,184.6775661,182.8708054,184.4691013,43627500
14/11/2023,186.0773315,186.7424589,184.9456198,186.3354359,60108400
15/11/2023,186.6432037,188.1223772,186.41488,186.4843784,53790500
16/11/2023,188.3308258,189.5717384,187.2785192,188.1918442,54412900
17/11/2023,188.3109741,188.9959603,187.1991213,188.8669006,50922700
20/11/2023,190.0581818,190.5148443,188.4996033,188.5095252,46505100
21/11/2023,189.2540741,190.1276815,188.360623,190.0184805,38134500
22/11/2023,189.9191895,191.5274073,189.4426833,190.0978887,39617700
24/11/2023,188.5889435,189.5121752,187.8741766,189.4823945,24048300
27/11/2023,188.4102631,189.2838705,187.5267338,188.5393228,40552600
28/11/2023,189.0157928,189.6908571,188.0230628,188.4003051,38415400
29/11/2023,187.9933167,190.6935441,187.5962306,189.5121927,43014200
30/11/2023,188.5690918,188.9364123,186.8218922,188.4598909,48794400
01/12/2023,189.8497162,190.167382,187.8543189,188.9463281,45679300
04/12/2023,188.0528717,188.6683747,186.0872702,188.5988763,43389500
05/12/2023,192.013855,192.9867262,188.797404,188.8271998,66628400
06/12/2023,190.9218597,193.3441085,190.7133798,193.0363645,41089700
07/12/2023,192.8576508,193.5823394,192.1825865,192.2223042,47477700
08/12/2023,194.2872162,194.5651794,192.2620383,192.788184,53377300
11/12/2023,191.7756042,192.0833633,190.0284046,191.706121,60943700
12/12/2023,193.2944946,193.3044165,190.326226,191.6763396,52696900
13/12/2023,196.5208588,196.5605613,193.4334675,193.6717131,70404200
14/12/2023,196.669754,198.168771,194.7339334,196.580412,66831600
15/12/2023,196.1336975,196.9576502,195.5678341,196.0939798,128256700
18/12/2023,194.4659119,195.2005376,192.9768166,194.6644549,55751900
19/12/2023,195.5082703,195.5181921,194.4659006,194.733942,40714100
20/12/2023,193.4136047,196.2428764,193.4136047,195.4685481,52242800
21/12/2023,193.264679,195.6472402,192.0932648,194.674369,46482500
22/12/2023,192.1925659,193.9894051,191.5671411,193.7610662,37122800
26/12/2023,191.6465607,192.4804504,191.4281588,192.2024871,28919300
27/12/2023,191.7458038,192.0932654,189.7007823,191.0906135,48087700
28/12/2023,192.1727142,193.2448647,191.7656912,192.7286407,34049900
29/12/2023,191.1303253,192.9867258,190.3361382,192.4903607,42628800
02/01/2024,184.2904053,187.0700524,182.5531277,185.7894222,82488700
03/01/2024,182.9105225,184.5286774,182.0964765,182.8807418,58414500
04/01/2024,180.5875549,181.7589693,179.565044,180.8258005,71983600
05/01/2024,179.8628235,181.4313388,178.8601716,180.6669476,62303300
08/01/2024,184.2109985,184.2507162,180.1805167,180.7662238,59144500
09/01/2024,183.7940521,183.803974,181.4015689,182.5829202,42841800
10/01/2024,184.8364258,185.0448906,182.5829241,183.009806,46792900
11/01/2024,184.240799,185.6901917,182.2851192,185.1838896,49128400
12/01/2024,184.5683746,185.3824206,183.8436859,184.7073562,40444700
16/01/2024,182.2950287,182.9204383,179.6146454,180.8357143,65603000
17/01/2024,181.3519287,181.6001112,178.9892414,179.9521908,47317400
18/01/2024,187.2586975,187.7649844,184.47905,184.7371544,78005800
19/01/2024,190.1673889,190.5545531,187.4473179,187.9536049,68741000
22/01/2024,192.4804535,193.9099874,190.8622985,190.9020161,60133900
23/01/2024,193.7610474,194.3269108,192.4208709,193.6022221,42355600
24/01/2024,193.0860138,194.9523513,192.9271733,193.9993237,53631300
25/01/2024,192.7584229,194.8431623,191.7061313,193.8007926,54822100
26/01/2024,191.0211182,193.3441029,190.544612,192.8576749,44594000
29/01/2024,190.3361359,190.8027202,188.2017722,190.6140991,47145600
30/01/2024,186.6729584,190.4056332,186.1071101,189.5518847,55859400
31/01/2024,183.059433,185.7398165,183.0098086,185.68024,55467800
01/02/2024,185.5015564,185.5908985,182.4836634,182.6524257,64885400
02/02/2024,184.4988861,185.9681223,177.9468617,178.5524276,102518000
05/02/2024,186.3155823,187.8741758,184.4889625,186.7821666,69668800
06/02/2024,187.9238129,187.9337347,185.4122069,185.501549,43490800
07/02/2024,188.0330048,189.6610815,187.2388177,189.2540585,53439000
08/02/2024,186.950943,188.1620598,185.9879936,188.0131563,40962000
09/02/2024,187.7163086,188.8494644,186.8714052,187.5174971,45155200
12/02/2024,186.0265198,187.5373994,185.6686803,187.2889001,41781900
13/02/2024,183.929184,185.0921737,182.4083699,184.6548126,56529500
14/02/2024,183.0445099,184.4162304,181.3447838,184.2074995,54630500
15/02/2024,182.7562714,183.3824943,180.2613446,182.4481347,65434500
16/02/2024,181.2155609,183.7403214,180.5794035,182.318898,49701400
20/02/2024,180.4700775,181.33485,178.9194448,180.6986926,53665600
21/02/2024,181.2255096,181.79208,179.5754713,180.847786,41529700
22/02/2024,183.2631836,183.8496532,181.3646612,182.3785271,52292200
23/02/2024,181.4243317,183.9291931,181.136064,183.8993744,45119700
26/02/2024,180.072464,181.6628498,179.5655159,181.1459824,40867400
27/02/2024,181.5336456,182.8158949,178.4820681,180.0128317,54318900
28/02/2024,180.3309174,182.0207091,179.048668,181.4143703,48953900
29/02/2024,179.6649475,181.4740292,178.45227,180.1818302,136682600
01/03/2024,178.5814819,179.4462544,176.3151703,178.4721417,73488000
04/03/2024,174.0488739,175.8380563,172.7467251,175.0925586,81510100
05/03/2024,169.0987549,171.0072272,168.6017564,169.7349123,95132400
06/03/2024,168.1047516,170.2120353,167.6673905,170.033108,68587700
07/03/2024,167.9854736,169.705084,167.4785407,168.1345671,71765100
08/03/2024,169.7050934,172.6572655,167.9258455,167.9854829,76114600
11/03/2024,171.7129517,173.3331713,171.0171569,171.9018135,60139500
12/03/2024,172.1900635,172.985264,169.9833893,172.1105419,59825400
13/03/2024,170.1026917,172.1503228,169.7349025,171.7328459,52488700
14/03/2024,171.9614716,173.2636051,171.0171775,171.8720155,72913500
15/03/2024,171.583725,171.583725,169.2677106,170.1424326,121664700
18/03/2024,172.6771393,176.6431923,172.4783429,174.5160396,75604200
19/03/2024,175.0229797,175.5497969,171.9912861,173.2934196,55215200
20/03/2024,177.5974274,177.5974274,174.0389166,174.6651395,53423100
21/03/2024,170.3412323,176.4245032,169.8144152,175.9871422,106181300
22/03/2024,171.2457733,172.0111551,169.0390991,170.7288907,71106600
25/03/2024,169.8243713,170.9078243,168.4327666,169.5460534,54288300
26/03/2024,168.6912079,170.390934,168.5619834,168.9794603,57388400
27/03/2024,172.269577,172.5578446,169.0887904,169.3869925,60273300
28/03/2024,170.4505768,171.1960744,169.4863986,170.7189602,65672700
01/04/2024,169.0093079,170.2219854,168.4626065,170.162348,46240500
02/04/2024,167.8264313,168.3234297,167.2200926,168.064996,49329500
03/04/2024,168.6315613,169.6553768,167.5679925,167.7767234,47691700
04/04/2024,167.8065643,170.8879456,167.8065643,169.2677258,53704400
05/04/2024,168.5619965,169.3671315,167.9357736,168.571931,42055200
08/04/2024,167.4387817,168.1842794,167.2300509,168.0153018,37425500
09/04/2024,168.6514435,169.0589858,167.3393755,167.6872653,42451200
10/04/2024,166.7727814,168.0749147,166.1068053,167.7866624,49709300
11/04/2024,173.9891968,174.4066888,167.150509,167.3294211,91070300
12/04/2024,175.4901581,177.2892901,173.1642089,173.2138967,101593300
15/04/2024,171.6533051,175.5696548,171.4644432,174.3072746,73531800
16/04/2024,168.3631897,172.7168855,167.2598526,170.7189574,73711200
17/04/2024,166.9914703,169.6255559,166.9914703,168.5918059,50901200
18/04/2024,166.0372162,167.6276171,165.5501675,167.0212785,43122900
19/04/2024,164.0094757,165.4010652,163.0950005,165.2122185,67772100
22/04/2024,164.8444366,166.2559104,163.7808679,164.5263655,48116400
23/04/2024,165.8980713,166.0471799,163.9299617,164.3573883,49537800
24/04/2024,168.0053406,168.2836585,165.212212,165.5402176,48251800
25/04/2024,168.8701477,169.5858267,167.1405875,168.5123082,50558300
26/04/2024,168.2836609,170.3114077,168.164371,168.8601809,44838400
29/04/2024,172.4584503,174.9732611,172.0608577,172.3292259,68169400
30/04/2024,169.3074799,173.9395087,168.9794591,172.2894703,65934800
01/05/2024,168.2836609,171.6731936,168.0947991,168.5619788,50383100
02/05/2024,171.991272,172.3789301,169.8641193,171.4743894,94214900
03/05/2024,182.2791443,185.877408,181.5634654,185.529503,163224100
06/05/2024,180.6191711,183.0942135,179.3369067,181.2553285,78569700
07/05/2024,181.3050232,183.7900154,180.2315199,182.3487229,77305800
08/05/2024,181.6429901,181.9710109,180.3607257,181.7523304,45057100
09/05/2024,183.4620056,183.5514617,181.0167667,181.4640622,48983000
10/05/2024,182.1979065,184.2284036,181.2821909,184.0392856,50759500
13/05/2024,185.4128723,186.2290625,183.7605959,184.5767861,72044800
14/05/2024,186.5575409,187.4235015,185.422848,186.6371703,52393600
15/05/2024,188.8368683,189.7625319,186.4978013,187.0352961,70400000
16/05/2024,188.9563141,190.2104587,188.7771593,189.5833864,52845200
17/05/2024,188.9861755,189.9218024,188.299385,188.6278507,41282900
20/05/2024,190.1507111,191.0266196,188.1301618,188.4486795,44361300
21/05/2024,191.4546356,191.8328564,190.0312842,190.2004911,42309400
22/05/2024,190.0113831,191.9224591,189.3843259,191.3750162,34648500
23/05/2024,186.0100861,190.1109028,185.7612498,190.0909916,51005900
24/05/2024,189.0956573,189.6928705,187.1646854,187.9410686,36294600
28/05/2024,189.1056213,192.1016046,188.2197648,190.618535,52280100
29/05/2024,189.4042053,191.3550883,188.6278374,188.727378,53068000
30/05/2024,190.3995667,191.2854232,189.7426504,189.8720349,49947900
31/05/2024,191.3551025,191.6736203,189.0259986,190.5488754,75158300
03/06/2024,193.1268005,194.0823385,191.623835,192.0020558,50080500
04/06/2024,193.4453278,194.4108137,192.1314649,193.7339712,47471400
05/06/2024,194.9582367,195.9834409,193.9628916,194.4904233,54156800
06/06/2024,193.5746918,195.5852929,193.2661373,194.7790659,41181800
07/06/2024,195.9734955,196.0232658,193.2362965,193.743917,53103900
10/06/2024,192.2210236,196.3815736,191.2555377,195.9834265,97262100
11/06/2024,206.1857147,206.1956779,192.728661,192.748557,172373300
12/06/2024,212.0782013,219.175002,205.9369083,206.4047217,198134300
13/06/2024,213.2427368,215.7410475,210.6150264,213.7404094,97862700
14/06/2024,211.5008698,214.1683871,210.3164067,212.8545396,70122700
17/06/2024,215.6614075,217.9307929,211.7297976,212.3767658,93728300
18/06/2024,213.2924805,217.6122895,212.0084921,216.5771221,79943300
20/06/2024,208.703949,213.2427353,207.8778259,212.9341656,86172500
21/06/2024,206.5241547,210.9036669,206.1459187,209.4106493,246421400
24/06/2024,207.1711121,211.7098829,205.6283242,206.753069,80727000
25/06/2024,208.096817,210.3960619,207.6389516,208.1764313,56713900
26/06/2024,212.2573395,213.8598457,209.6594882,210.5154856,66213200
27/06/2024,213.1033936,214.7357589,211.3615396,213.6906435,49772700
28/06/2024,209.6395721,215.0642149,209.3210696,214.7656083,82542700
01/07/2024,215.7410431,216.4974999,210.9335246,211.1027314,60402900
02/07/2024,219.2446594,219.354148,214.0987273,215.1438275,58046200
03/07/2024,220.5187073,220.5187073,218.0104334,218.9759194,37369800
05/07/2024,225.2863922,225.3958808,220.6182216,220.6182216,60412400
08/07/2024,226.7595215,226.7893806,222.2107872,226.0329086,59085900
09/07/2024,227.615509,228.3321587,225.3162643,226.8690002,48076100
10/07/2024,231.8954926,231.9950331,228.1828597,228.2326299,62627700
11/07/2024,226.5106964,231.308252,224.7190722,230.3129069,64710600
12/07/2024,229.4668427,231.5570733,227.6155002,227.8543885,53046500
15/07/2024,233.3088837,236.1257121,232.004984,235.3792033,62631300
16/07/2024,233.726944,235.1701913,231.2485292,233.9060988,43234300
17/07/2024,227.8145905,230.3825826,225.585012,228.3819293,57345900
18/07/2024,223.1364441,229.3673138,221.2353466,229.2080549,66034600
19/07/2024,223.2658539,225.7442686,222.2406497,223.7734896,49151500
22/07/2024,222.9174957,226.7197061,222.0515352,225.9532861,48201800
23/07/2024,223.9625854,225.8836093,221.6434296,223.3255652,39960300
24/07/2024,217.5227051,223.7535749,216.1192801,222.9572958,61777600
25/07/2024,216.4776001,219.8219601,213.6209495,217.9108842,51391200
26/07/2024,216.9454346,218.4683114,215.0044994,217.6819803,41601300
29/07/2024,217.2241364,218.2791998,214.7457214,215.9500957,36311800
30/07/2024,217.7815094,219.3043862,215.1139767,218.1696934,41643800
31/07/2024,221.0462341,222.77814,219.6029868,220.4092139,50036300
01/08/2024,217.3435516,223.4350586,216.0097929,223.3255701,62501000
02/08/2024,218.8365631,224.5498492,216.6965773,218.1298614,105568600
05/08/2024,208.2958832,212.5061889,195.0876488,198.1632617,119548600
06/08/2024,206.2653503,209.0125124,200.1340364,204.3443417,69660500
07/08/2024,208.8433075,212.6455177,205.429266,205.9368866,63516400
08/08/2024,212.3170624,213.2029189,207.8579206,212.1179964,47161100
09/08/2024,215.233429,215.7709086,210.9833011,211.1127009,42201600
12/08/2024,216.7680206,218.7410807,214.8447885,215.3131433,38028100
13/08/2024,220.4949493,221.1127728,218.2428558,218.2428558,44155300
14/08/2024,220.9433441,222.2487529,218.9304157,219.7973785,41960600
15/08/2024,223.9328613,224.5606595,221.97972,223.8132865,46414000
16/08/2024,225.258194,226.0354606,222.8665916,223.1356501,44340200
19/08/2024,225.0987549,225.1984107,222.2587317,224.9293522,40687800
20/08/2024,225.716568,226.3742598,224.6602834,224.9791698,30299000
21/08/2024,225.6069641,227.1814315,224.261702,225.7265541,34765500
22/08/2024,223.7434998,227.5401514,223.1157017,226.9920749,43695300
23/08/2024,226.0454254,227.4205964,223.5442229,224.869566,38677300
26/08/2024,226.3842316,226.4838874,223.1057624,225.9657046,30602200
27/08/2024,227.2312622,228.0483972,224.1022615,225.208374,35934600
28/08/2024,225.6966553,229.054846,224.8894798,227.121639,38052200
29/08/2024,228.9850922,232.1041334,228.0782912,229.2940191,51906300
30/08/2024,228.1978455,229.5929354,226.6831655,229.3836795,52990800
03/09/2024,221.9896851,228.1978583,220.3952835,227.7494376,50190600
04/09/2024,220.076416,221.0031511,216.7182101,220.8835763,43840200
05/09/2024,221.601059,224.6901913,220.7440707,220.853686,36615400
06/09/2024,220.0465088,224.4510244,219.0001837,223.1655345,48423000
09/09/2024,220.1362,220.4949396,215.9509148,220.0465189,67180000
10/09/2024,219.3389893,220.7041855,215.970824,218.1531552,51591000
11/09/2024,221.8800812,222.3085677,217.126785,220.6842875,44587100
12/09/2024,221.9896851,222.7669517,219.0500214,221.7206266,37498200
13/09/2024,221.7206116,223.2552105,221.1326819,222.7968303,36766600
16/09/2024,215.5622711,216.4591125,213.1706688,215.7814865,59357400
17/09/2024,216.0306244,216.1402397,213.7486525,214.994274,45519300
18/09/2024,219.9169617,221.9298902,216.7779865,216.7879612,59894900
19/09/2024,228.0683136,229.0149981,223.8431751,224.2019147,66781300
20/09/2024,227.40065,232.2735206,226.8226798,229.1644543,318679900
23/09/2024,225.6767273,228.6462848,225.0190355,226.543675,54146000
24/09/2024,226.5735474,228.5466226,224.9392927,227.8490625,43556100
25/09/2024,225.5770569,226.4938324,223.2352977,224.1420985,42308700
26/09/2024,226.7230377,227.6996007,224.6204281,226.5038071,36636700
27/09/2024,226.9920807,228.7160317,226.5038068,227.6597472,34026000
30/09/2024,232.1838379,232.1838379,228.8455663,229.2341996,54541900
01/10/2024,225.4176483,228.8455861,222.9562989,228.7160518,63285000
02/10/2024,225.9856415,226.5735712,222.2388174,225.0987595,32880600
03/10/2024,224.8795166,226.0155228,222.5377574,224.3513743,34044200
04/10/2024,226.0055542,227.2013477,223.3449087,227.1016919,37245100
07/10/2024,220.9134674,224.8994562,220.5547278,223.7136221,39505400
08/10/2024,224.9791718,225.1884276,222.4679946,223.5143197,31855700
09/10/2024,228.7359619,228.945233,224.0424686,224.4410614,33591100
10/10/2024,228.2377014,228.6960968,226.3742566,226.9821205,28183500
11/10/2024,226.7529449,228.6064304,226.5436738,228.4968151,31759200
14/10/2024,230.4898071,230.9182936,227.7992677,227.8989083,39882100
15/10/2024,233.0308685,236.6581176,231.5560418,232.7917037,64751400
16/10/2024,230.9681244,231.3069298,229.0349174,230.7887622,34082200
17/10/2024,231.3368225,233.0308799,229.7125424,232.6123377,32993800
18/10/2024,234.1768341,235.3526935,233.1902964,235.3526935,46431500
21/10/2024,235.6516418,236.0203561,233.6287538,233.6287538,36254500
22/10/2024,235.0338287,235.3925683,231.7852534,233.070728,38846600
23/10/2024,229.9516754,234.3163378,226.962184,233.2600532,52287000
24/10/2024,229.7623749,230.0114992,227.6099372,229.17443,31109500
25/10/2024,230.5994263,232.4030838,228.765875,228.9352777,38802300
28/10/2024,232.5824432,233.9077864,231.7354297,232.5027368,36087100
29/10/2024,232.8515015,233.5091933,231.5062394,232.283506,35417200
30/10/2024,229.2940063,232.652197,228.7459299,231.7952088,47070900
31/10/2024,225.1186829,229.02495,224.5805659,228.5366609,64370100
01/11/2024,222.1291962,224.5606518,219.4984441,220.1959892,65276700
04/11/2024,221.2323303,222.0095969,218.940399,220.2159142,44944500
05/11/2024,222.6672974,223.165546,220.3653913,221.0230831,28111300
06/11/2024,221.9398499,225.2781214,220.4152104,221.8302346,54561100
07/11/2024,226.6831818,227.0817898,223.7833864,223.8431738,42137700
08/11/2024,226.4138336,228.1097396,225.8651541,226.6233197,38328800
11/11/2024,223.6903992,225.1568629,220.966973,224.4585505,42005600
12/11/2024,223.6903992,225.047127,222.8224976,224.0096364,40398300
13/11/2024,224.5782471,226.1045639,222.2239258,223.4709177,48566200
14/11/2024,227.6707916,228.3192213,224.4585393,224.4784954,44923900
15/11/2024,224.4585419,226.3739196,223.7303029,225.8551667,47923700
18/11/2024,227.4712677,229.1871297,224.6281202,224.7079295,44686000
19/11/2024,227.7306519,229.6061326,226.1145552,226.4337772,36211800
20/11/2024,228.4489136,229.3766682,225.3463972,227.5111732,35169600
21/11/2024,227.9700775,229.6061303,225.1668421,228.3292118,42108300
22/11/2024,229.3168182,230.1647788,227.5111764,227.5111764,38168300
25/11/2024,232.3096008,232.6886912,229.1871434,230.9030055,90152800
26/11/2024,234.4943237,235.0031062,232.7684913,232.7684913,45986200
27/11/2024,234.3646393,235.1228201,233.2473394,233.9057548,33498400
29/11/2024,236.7588654,237.237706,233.4069506,234.2449255,28481400
02/12/2024,239.0134277,240.2105369,236.5892828,236.6990187,48137100
03/12/2024,242.0660706,242.1758065,238.3250947,239.2329085,38861000
04/12/2024,242.4252014,243.5225604,240.6694423,242.2855389,44383900
05/12/2024,242.4551239,243.9515142,241.5473254,243.4028499,40033900
06/12/2024,242.2556,244.0413009,241.4974344,242.3254388,36870600
09/12/2024,246.1562042,246.6450305,241.1682366,241.2480459,44649200
10/12/2024,247.1737518,247.6126954,244.7495917,246.2958647,36914800
11/12/2024,245.8968353,250.196461,245.6673779,247.363299,45205800
12/12/2024,247.3632965,248.1414182,245.0887693,246.2958641,32777500
13/12/2024,247.5328827,248.6900796,245.6474316,247.2236311,33155300
16/12/2024,250.4358826,250.775076,247.054041,247.3932344,51694800
17/12/2024,252.8699951,253.2191589,249.1789022,249.4781833,51356400
18/12/2024,247.4530792,253.6680827,247.1438277,251.5531893,56774100
19/12/2024,249.1888885,251.393577,246.495389,246.904406,60882300
20/12/2024,253.877594,254.3863612,245.0987675,247.4431033,147495300
23/12/2024,254.6557159,255.0347911,252.8400883,254.1569192,40858800
24/12/2024,257.5786743,257.5886296,254.6756581,254.875189,23234700
26/12/2024,258.3966675,259.4740856,257.0100283,257.5686782,27237100
27/12/2024,254.9749298,258.0774616,252.4510194,257.2095296,42355300
30/12/2024,251.5930786,252.8899532,250.1465711,251.6230052,35557500
31/12/2024,249.8173676,252.6704856,248.8297445,251.8325107,39480700
02/01/2025,243.2631989,248.5005651,241.2380851,248.3309608,55740700
03/01/2025,242.7743683,243.5923871,241.3079045,242.7743683,40244100
06/01/2025,244.4104156,246.7348104,242.6147442,243.7220737,45045600
07/01/2025,241.6271362,244.959095,240.7692052,242.3952723,40856000
08/01/2025,242.1159515,243.1235308,239.4723347,241.3378298,37628900
10/01/2025,236.2800446,239.5820769,232.4393032,239.4324287,61710900
13/01/2025,233.8359222,234.1052768,229.1671917,232.9680207,49630700
14/01/2025,232.7186127,235.5517746,231.9105644,234.1850763,39435300
15/01/2025,237.2975616,238.3849501,233.8658376,234.0753389,39832000
16/01/2025,227.7106934,237.4372303,227.4812511,236.7788301,71759100
17/01/2025,229.4265594,231.7309981,227.9301691,231.561409,68488300
21/01/2025,222.1042175,223.8799328,218.8520682,223.4609453,98070400
22/01/2025,223.2913666,223.580662,219.2610801,219.2610801,64126500
23/01/2025,223.1217804,226.4836658,221.7650525,224.1991833,60234800
24/01/2025,222.2438812,225.0870288,220.877183,224.2390682,54697900
27/01/2025,229.3068542,231.5913368,223.4409993,223.4809116,94863400
28/01/2025,237.6866302,239.6119937,230.2545615,230.2944737,75707600
29/01/2025,238.7839813,239.2827781,233.44685,233.5565859,45486100
30/01/2025,237.0182343,240.2105304,236.6391591,238.0956371,55658300
31/01/2025,235.4320831,246.5951576,232.878246,246.5951576,101075100
03/02/2025,227.4612885,231.2721029,225.1568499,229.4365345,73063300
04/02/2025,232.2397766,232.5689843,226.1045673,226.7031295,45067300
05/02/2025,231.9105835,232.1100992,227.7206935,227.9800623,39620300
06/02/2025,232.6587677,233.2373738,229.8754732,230.7334042,29925300
07/02/2025,227.0822144,233.4368801,226.7130944,232.0402553,39707200
10/02/2025,227.3518524,230.2880045,226.9024448,229.2693513,33115600
11/02/2025,232.3153534,234.9219359,227.8312433,227.9011437,53718400
12/02/2025,236.5597839,236.6496777,230.3778881,230.8972113,45243300
13/02/2025,241.2136841,242.0226208,235.261498,236.5997394,53614100
14/02/2025,244.2796631,245.2284159,240.6743904,240.9340444,40896200
18/02/2025,244.1498413,244.858903,241.5232807,243.8302531,48822500
19/02/2025,244.5493011,245.6878075,242.8415492,244.3395847,32204200
20/02/2025,245.5080566,246.4568094,243.9700649,244.6192228,32316900
21/02/2025,245.2284241,248.3643112,244.8988544,245.6278941,53197400
24/02/2025,246.7763977,248.5340873,244.0998996,244.6092262,51326400
25/02/2025,246.7164612,249.6725914,244.5892611,247.6752106,48013300
26/02/2025,240.0452118,244.6591563,238.8168269,244.0100137,44433600
27/02/2025,236.9892273,242.1424732,236.7495361,239.0964646,41153600
28/02/2025,241.5232697,241.7729422,229.8985146,236.6396745,56833400
03/03/2025,237.7182617,243.7104038,235.8007781,241.4733319,47184000
04/03/2025,235.6210175,239.7556103,234.3726545,237.3987004,53798100
05/03/2025,235.4312744,236.2402112,228.9297903,235.1116862,47227600
06/03/2025,235.0218048,237.5484902,232.8546486,234.132971,45170400
07/03/2025,238.7569122,241.0538879,234.452544,234.8020917,46273600
10/03/2025,227.1820831,235.8507235,223.926358,235.2315251,72071200
11/03/2025,220.5507813,225.5442332,217.1652215,223.5168929,76137400
12/03/2025,216.6958313,221.4595886,214.6285502,219.8516965,62547500
13/03/2025,209.4053955,216.5560224,208.1470511,215.6671886,61368300
14/03/2025,213.2104187,213.6698078,209.3055356,210.9733467,60107600
17/03/2025,213.7197418,214.9381453,209.6950208,213.030643,48073400
18/03/2025,212.4114532,214.868223,211.2130279,213.8795293,42432400
19/03/2025,214.9581146,218.4734937,213.4700605,213.9394462,54385400
20/03/2025,213.8196106,217.2051703,211.9420679,213.709754,48862900
21/03/2025,217.9841461,218.5533917,211.0032951,211.2829272,94127800
24/03/2025,220.440918,221.1899357,218.2937398,220.7105686,44299500
25/03/2025,223.4569702,223.8065179,219.7917784,220.4808772,34493600
26/03/2025,221.2398682,224.7253029,220.1812588,223.2172708,34466100
27/03/2025,223.556839,224.6953454,220.2711392,221.100054,37094800
28/03/2025,217.614624,223.5168877,217.3949109,221.379691,39818600
31/03/2025,221.8390961,225.3245157,215.9468138,216.725791,65299300
01/04/2025,222.8977051,223.3870536,218.6133149,219.5221268,36412700
02/04/2025,223.5967865,224.895087,220.73055,221.0301602,35905900
03/04/2025,202.9239044,207.2182762,200.9864426,205.2708177,103419000
04/04/2025,188.1333008,199.6182403,187.0946542,193.6360794,125910900
07/04/2025,181.2223663,193.8957347,174.3913124,176.9679355,160466300
08/04/2025,172.1941986,190.0907289,168.9884109,186.4554964,120859500
09/04/2025,198.5895844,200.3472739,171.6648855,171.7248045,184395900
10/04/2025,190.1706238,194.5249145,182.7603429,188.8224009,121880000
11/04/2025,197.8904877,199.2786667,185.8163249,185.8562811,87435900
14/04/2025,202.254776,212.6611277,200.8965565,211.1630922,101352900
15/04/2025,201.8752747,203.2434756,199.5383428,201.5956426,51343900
16/04/2025,194.0155792,200.4371509,192.1180584,198.1002191,59732400
17/04/2025,196.7220306,198.569614,194.1653857,196.9417437,51334300
21/04/2025,192.9070282,193.5461894,189.5614095,193.0168847,46742500
22/04/2025,199.4784241,201.3259922,195.713357,195.8631545,52976400
23/04/2025,204.3320618,207.727603,202.534416,205.7302222,52929200
24/04/2025,208.0971069,208.5565112,202.6742256,204.6216687,47311000
25/04/2025,209.0059204,209.4753061,205.9299522,206.0997278,38222300
28/04/2025,209.8647919,211.2230114,207.188309,209.7249758,38743100
29/04/2025,210.9333954,211.9620452,208.0971032,208.4166914,36827600
30/04/2025,212.2217102,213.3002977,206.3993433,209.025904,52286500
01/05/2025,213.0406342,214.2790004,208.6264094,208.8061816,57365700
02/05/2025,205.0810699,206.7189215,201.8952453,205.8200911,101010600
05/05/2025,198.6295319,203.8327155,197.9504297,202.8340251,69018500
06/05/2025,198.2500153,200.387212,196.7619764,197.9504203,51216500
07/05/2025,195.992981,199.1788056,192.9969099,198.9091549,68536700
08/05/2025,197.231369,199.788014,194.4250362,197.4610635,50478900
09/05/2025,198.2700043,200.2773665,197.2812953,198.73939,36453900
12/05/2025,210.7899933,211.2700043,206.75,210.9700012,63775800
13/05/2025,212.9299927,213.3999939,209,210.4299927,51909300
14/05/2025,212.3300018,213.9400024,210.5800018,212.4299927,49325800
15/05/2025,211.4499969,212.9600067,209.5399933,210.9499969,45029500
16/05/2025,211.2599945,212.5700073,209.7700043,212.3600006,54737900
19/05/2025,208.7799988,209.4799957,204.2599945,207.9100037,46140500
20/05/2025,206.8600006,208.4700012,205.0299988,207.6699982,42496600
21/05/2025,202.0899963,207.0399933,200.7100067,205.1699982,59211800
22/05/2025,201.3600006,202.75,199.6999969,200.7100067,46742400
23/05/2025,195.2700043,197.6999969,193.4600067,193.6699982,78432900
27/05/2025,200.2100067,200.7400055,197.4299927,198.3000031,56288500
28/05/2025,200.4199982,202.7299957,199.8999939,200.5899963,45339700
29/05/2025,199.9499969,203.8099976,198.5099945,203.5800018,51396800
30/05/2025,200.8500061,201.9600067,196.7799988,199.3699951,70819900
02/06/2025,201.6999969,202.1300049,200.1199951,200.2799988,35343100
